county,aqi,pollutant,number_of_sites_reporting,date
Albany,36,PM2.5,2,2021-01-01
Albany,28,Ozone,2,2021-01-02
Albany,38,PM2.5,2,2021-01-03
Albany,56,PM2.5,2,2021-01-04
Albany,39,PM2.5,2,2021-01-05
Albany,27,PM2.5,2,2021-01-06
Albany,30,Ozone,2,2021-01-07
Albany,26,Ozone,2,2021-01-08
Albany,32,Ozone,2,2021-01-09
Albany,29,Ozone,2,2021-01-10
Albany,57,PM2.5,2,2021-01-11
Albany,74,PM2.5,2,2021-01-12
Albany,75,PM2.5,2,2021-01-13
Albany,86,PM2.5,2,2021-01-14
Albany,82,PM2.5,2,2021-01-15
Albany,29,Ozone,2,2021-01-16
Albany,35,PM2.5,2,2021-01-17
Albany,29,Ozone,2,2021-01-18
Albany,26,PM2.5,2,2021-01-19
Albany,33,Ozone,2,2021-01-20
Albany,33,PM2.5,2,2021-01-21
Albany,39,PM2.5,2,2021-01-22
Albany,32,Ozone,2,2021-01-23
Albany,35,Ozone,2,2021-01-24
Albany,39,PM2.5,2,2021-01-25
Albany,53,PM2.5,2,2021-01-26
Albany,52,PM2.5,2,2021-01-27
Albany,32,Ozone,2,2021-01-28
Albany,31,Ozone,2,2021-01-29
Albany,35,Ozone,2,2021-01-30
Albany,39,PM2.5,2,2021-01-31
Albany,38,PM2.5,2,2021-02-01
Albany,32,Ozone,1,2021-02-02
Albany,35,Ozone,2,2021-02-03
Albany,39,Ozone,2,2021-02-04
Albany,43,PM2.5,2,2021-02-05
Albany,38,Ozone,2,2021-02-06
Albany,46,PM2.5,2,2021-02-07
Albany,34,Ozone,2,2021-02-08
Albany,65,PM2.5,2,2021-02-09
Albany,43,PM2.5,2,2021-02-10
Albany,38,PM2.5,2,2021-02-11
Albany,35,PM2.5,2,2021-02-12
Albany,36,Ozone,2,2021-02-13
Albany,40,PM2.5,2,2021-02-14
Albany,56,PM2.5,2,2021-02-15
Albany,42,PM2.5,2,2021-02-16
Albany,34,Ozone,2,2021-02-17
Albany,32,Ozone,2,2021-02-18
Albany,44,PM2.5,2,2021-02-19
Albany,40,Ozone,2,2021-02-20
Albany,38,Ozone,2,2021-02-21
Albany,44,PM2.5,2,2021-02-22
Albany,48,PM2.5,2,2021-02-23
Albany,41,Ozone,2,2021-02-24
Albany,39,Ozone,2,2021-02-25
Albany,37,Ozone,2,2021-02-26
Albany,39,Ozone,2,2021-02-27
Albany,54,PM2.5,2,2021-02-28
Albany,36,Ozone,2,2021-03-01
Albany,39,Ozone,2,2021-03-02
Albany,45,PM2.5,2,2021-03-03
Albany,39,Ozone,2,2021-03-04
Albany,40,Ozone,2,2021-03-05
Albany,35,Ozone,2,2021-03-06
Albany,38,Ozone,2,2021-03-07
Albany,43,Ozone,2,2021-03-08
Albany,43,PM2.5,2,2021-03-09
Albany,49,PM2.5,2,2021-03-10
Albany,64,PM2.5,2,2021-03-11
Albany,41,Ozone,2,2021-03-12
Albany,38,Ozone,2,2021-03-13
Albany,40,Ozone,2,2021-03-14
Albany,39,Ozone,2,2021-03-15
Albany,30,Ozone,2,2021-03-16
Albany,57,PM2.5,2,2021-03-17
Albany,55,PM2.5,2,2021-03-18
Albany,37,Ozone,2,2021-03-19
Albany,41,Ozone,2,2021-03-20
Albany,44,Ozone,2,2021-03-21
Albany,48,Ozone,2,2021-03-22
Albany,46,Ozone,2,2021-03-23
Albany,33,Ozone,2,2021-03-24
Albany,34,Ozone,2,2021-03-25
Albany,33,Ozone,2,2021-03-26
Albany,31,Ozone,2,2021-03-27
Albany,33,Ozone,2,2021-03-28
Albany,37,Ozone,2,2021-03-29
Albany,44,Ozone,2,2021-03-30
Albany,35,Ozone,2,2021-03-31
Bronx,41,PM2.5,4,2021-01-01
Bronx,33,PM2.5,4,2021-01-02
Bronx,41,PM2.5,4,2021-01-03
Bronx,36,PM2.5,4,2021-01-04
Bronx,38,PM2.5,4,2021-01-05
Bronx,37,PM2.5,4,2021-01-06
Bronx,30,PM2.5,4,2021-01-07
Bronx,31,PM2.5,4,2021-01-08
Bronx,32,PM2.5,4,2021-01-09
Bronx,40,PM2.5,4,2021-01-10
Bronx,59,PM2.5,4,2021-01-11
Bronx,79,PM2.5,4,2021-01-12
Bronx,77,PM2.5,4,2021-01-13
Bronx,79,PM2.5,4,2021-01-14
Bronx,69,PM2.5,4,2021-01-15
Bronx,25,Ozone,4,2021-01-16
Bronx,43,PM2.5,4,2021-01-17
Bronx,37,PM2.5,4,2021-01-18
Bronx,43,PM2.5,4,2021-01-19
Bronx,45,PM2.5,4,2021-01-21
Bronx,38,PM2.5,4,2021-01-22
Bronx,29,Ozone,4,2021-01-23
Bronx,32,Ozone,4,2021-01-24
Bronx,34,PM2.5,4,2021-01-26
Bronx,47,PM2.5,4,2021-01-27
Bronx,31,Ozone,4,2021-01-28
Bronx,49,PM2.5,4,2021-01-29
Bronx,41,PM2.5,3,2021-01-30
Bronx,30,PM2.5,3,2021-01-31
Bronx,31,Ozone,3,2021-02-01
Bronx,27,Ozone,4,2021-02-02
Bronx,31,Ozone,4,2021-02-03
Bronx,55,PM2.5,4,2021-02-05
Bronx,37,PM2.5,4,2021-02-06
Bronx,43,PM2.5,4,2021-02-07
Bronx,55,PM2.5,4,2021-02-09
Bronx,56,PM2.5,4,2021-02-10
Bronx,46,PM2.5,4,2021-02-11
Bronx,45,PM2.5,4,2021-02-14
Bronx,55,PM2.5,4,2021-02-15
Bronx,26,Ozone,4,2021-02-18
Bronx,33,PM2.5,4,2021-02-19
Bronx,43,PM2.5,4,2021-02-20
Bronx,54,PM2.5,4,2021-02-21
Bronx,54,PM2.5,4,2021-02-22
Bronx,59,PM2.5,4,2021-02-23
Bronx,41,PM2.5,4,2021-02-24
Bronx,37,Ozone,4,2021-02-25
Bronx,34,Ozone,4,2021-02-26
Bronx,46,PM2.5,4,2021-02-28
Bronx,36,Ozone,4,2021-03-02
Bronx,46,PM2.5,4,2021-03-03
Bronx,40,PM2.5,4,2021-03-04
Bronx,37,Ozone,4,2021-03-05
Bronx,35,Ozone,4,2021-03-06
Bronx,37,Ozone,4,2021-03-07
Bronx,48,PM2.5,4,2021-03-09
Bronx,43,PM2.5,4,2021-03-10
Bronx,83,PM2.5,4,2021-03-11
Bronx,42,Ozone,4,2021-03-12
Bronx,38,Ozone,4,2021-03-13
Bronx,40,Ozone,4,2021-03-14
Bronx,37,Ozone,4,2021-03-15
Bronx,30,Ozone,4,2021-03-16
Bronx,43,PM2.5,4,2021-03-17
Bronx,35,Ozone,4,2021-03-19
Bronx,52,PM2.5,4,2021-03-21
Bronx,56,PM2.5,4,2021-03-22
Bronx,36,Ozone,4,2021-03-23
Bronx,38,PM2.5,4,2021-03-24
Bronx,53,PM2.5,4,2021-03-25
Bronx,42,Ozone,4,2021-03-26
Bronx,43,Ozone,4,2021-03-27
Bronx,32,Ozone,4,2021-03-28
Bronx,37,Ozone,4,2021-03-29
Bronx,44,Ozone,4,2021-03-30
Bronx,41,PM2.5,4,2021-03-31
Chautauqua,26,Ozone,1,2021-01-01
Chautauqua,27,Ozone,1,2021-01-02
Chautauqua,25,Ozone,1,2021-01-03
Chautauqua,50,PM2.5,1,2021-01-04
Chautauqua,24,Ozone,1,2021-01-05
Chautauqua,31,Ozone,1,2021-01-06
Chautauqua,29,Ozone,1,2021-01-07
Chautauqua,26,Ozone,1,2021-01-08
Chautauqua,33,Ozone,1,2021-01-09
Chautauqua,35,Ozone,1,2021-01-10
Chautauqua,25,Ozone,1,2021-01-11
Chautauqua,24,Ozone,1,2021-01-12
Chautauqua,60,PM2.5,1,2021-01-13
Chautauqua,23,Ozone,1,2021-01-14
Chautauqua,28,Ozone,1,2021-01-15
Chautauqua,29,Ozone,1,2021-01-16
Chautauqua,25,Ozone,1,2021-01-17
Chautauqua,28,Ozone,1,2021-01-18
Chautauqua,31,Ozone,1,2021-01-19
Chautauqua,33,Ozone,1,2021-01-20
Chautauqua,32,Ozone,1,2021-01-21
Chautauqua,32,Ozone,1,2021-01-22
Chautauqua,37,Ozone,1,2021-01-23
Chautauqua,36,Ozone,1,2021-01-24
Chautauqua,33,Ozone,1,2021-01-25
Chautauqua,32,Ozone,1,2021-01-26
Chautauqua,34,Ozone,1,2021-01-27
Chautauqua,37,Ozone,1,2021-01-28
Chautauqua,39,Ozone,1,2021-01-29
Chautauqua,39,Ozone,1,2021-01-30
Chautauqua,35,Ozone,1,2021-01-31
Chautauqua,34,Ozone,1,2021-02-01
Chautauqua,34,Ozone,1,2021-02-02
Chautauqua,39,Ozone,1,2021-02-03
Chautauqua,38,Ozone,1,2021-02-04
Chautauqua,33,Ozone,1,2021-02-05
Chautauqua,34,Ozone,1,2021-02-06
Chautauqua,37,Ozone,1,2021-02-07
Chautauqua,34,Ozone,1,2021-02-08
Chautauqua,38,Ozone,1,2021-02-09
Chautauqua,39,Ozone,1,2021-02-10
Chautauqua,37,Ozone,1,2021-02-11
Chautauqua,35,Ozone,1,2021-02-12
Chautauqua,37,Ozone,1,2021-02-13
Chautauqua,39,Ozone,1,2021-02-14
Chautauqua,39,PM2.5,1,2021-02-15
Chautauqua,34,Ozone,1,2021-02-16
Chautauqua,32,Ozone,1,2021-02-17
Chautauqua,38,Ozone,1,2021-02-18
Chautauqua,41,Ozone,1,2021-02-19
Chautauqua,45,Ozone,1,2021-02-20
Chautauqua,60,PM2.5,1,2021-02-21
Chautauqua,48,Ozone,1,2021-02-22
Chautauqua,45,Ozone,1,2021-02-23
Chautauqua,58,Ozone,1,2021-02-24
Chautauqua,39,Ozone,1,2021-02-26
Chautauqua,37,Ozone,1,2021-02-27
Chautauqua,35,Ozone,1,2021-02-28
Chautauqua,39,Ozone,1,2021-03-01
Chautauqua,39,Ozone,1,2021-03-02
Chautauqua,34,Ozone,1,2021-03-03
Chautauqua,39,Ozone,1,2021-03-04
Chautauqua,40,Ozone,1,2021-03-05
Chautauqua,39,Ozone,1,2021-03-06
Chautauqua,42,Ozone,1,2021-03-07
Chautauqua,44,Ozone,1,2021-03-08
Chautauqua,38,Ozone,1,2021-03-09
Chautauqua,67,Ozone,1,2021-03-10
Chautauqua,48,Ozone,1,2021-03-11
Chautauqua,40,Ozone,1,2021-03-12
Chautauqua,41,Ozone,1,2021-03-13
Chautauqua,41,Ozone,1,2021-03-14
Chautauqua,39,Ozone,1,2021-03-15
Chautauqua,33,Ozone,1,2021-03-16
Chautauqua,52,PM2.5,1,2021-03-17
Chautauqua,37,Ozone,1,2021-03-18
Chautauqua,40,Ozone,1,2021-03-19
Chautauqua,39,Ozone,1,2021-03-20
Chautauqua,45,Ozone,1,2021-03-21
Chautauqua,61,Ozone,1,2021-03-22
Chautauqua,49,Ozone,1,2021-03-23
Chautauqua,39,Ozone,1,2021-03-24
Chautauqua,44,Ozone,1,2021-03-25
Chautauqua,31,Ozone,1,2021-03-26
Chautauqua,33,Ozone,1,2021-03-27
Chautauqua,33,Ozone,1,2021-03-28
Chautauqua,39,Ozone,1,2021-03-29
Chautauqua,50,Ozone,1,2021-03-30
Chautauqua,40,Ozone,1,2021-03-31
Dutchess,25,Ozone,1,2021-01-01
Dutchess,29,Ozone,1,2021-01-02
Dutchess,28,Ozone,1,2021-01-03
Dutchess,21,Ozone,1,2021-01-04
Dutchess,25,Ozone,1,2021-01-05
Dutchess,28,Ozone,1,2021-01-06
Dutchess,31,Ozone,1,2021-01-07
Dutchess,27,Ozone,1,2021-01-08
Dutchess,34,Ozone,1,2021-01-09
Dutchess,30,Ozone,1,2021-01-10
Dutchess,19,Ozone,1,2021-01-11
Dutchess,18,Ozone,1,2021-01-12
Dutchess,19,Ozone,1,2021-01-13
Dutchess,14,Ozone,1,2021-01-14
Dutchess,28,Ozone,1,2021-01-15
Dutchess,28,Ozone,1,2021-01-16
Dutchess,28,Ozone,1,2021-01-17
Dutchess,26,Ozone,1,2021-01-18
Dutchess,25,Ozone,1,2021-01-19
Dutchess,32,Ozone,1,2021-01-20
Dutchess,22,Ozone,1,2021-01-21
Dutchess,31,Ozone,1,2021-01-22
Dutchess,33,Ozone,1,2021-01-23
Dutchess,36,Ozone,1,2021-01-24
Dutchess,34,Ozone,1,2021-01-25
Dutchess,31,Ozone,1,2021-01-26
Dutchess,34,Ozone,1,2021-01-27
Dutchess,34,Ozone,1,2021-01-28
Dutchess,34,Ozone,1,2021-01-29
Dutchess,35,Ozone,1,2021-01-30
Dutchess,31,Ozone,1,2021-01-31
Dutchess,31,Ozone,1,2021-02-01
Dutchess,34,Ozone,1,2021-02-02
Dutchess,37,Ozone,1,2021-02-03
Dutchess,41,Ozone,1,2021-02-04
Dutchess,31,Ozone,1,2021-02-05
Dutchess,38,Ozone,1,2021-02-06
Dutchess,36,Ozone,1,2021-02-07
Dutchess,35,Ozone,1,2021-02-08
Dutchess,31,Ozone,1,2021-02-09
Dutchess,39,Ozone,1,2021-02-10
Dutchess,39,Ozone,1,2021-02-11
Dutchess,34,Ozone,1,2021-02-12
Dutchess,33,Ozone,1,2021-02-13
Dutchess,35,Ozone,1,2021-02-14
Dutchess,31,Ozone,1,2021-02-15
Dutchess,31,Ozone,1,2021-02-16
Dutchess,37,Ozone,1,2021-02-17
Dutchess,32,Ozone,1,2021-02-18
Dutchess,32,Ozone,1,2021-02-19
Dutchess,39,Ozone,1,2021-02-20
Dutchess,38,Ozone,1,2021-02-21
Dutchess,32,Ozone,1,2021-02-22
Dutchess,38,Ozone,1,2021-02-23
Dutchess,37,Ozone,1,2021-02-24
Dutchess,40,Ozone,1,2021-02-25
Dutchess,42,Ozone,1,2021-02-26
Dutchess,35,Ozone,1,2021-02-27
Dutchess,35,Ozone,1,2021-02-28
Dutchess,38,Ozone,1,2021-03-01
Dutchess,40,Ozone,1,2021-03-02
Dutchess,42,Ozone,1,2021-03-03
Dutchess,39,Ozone,1,2021-03-04
Dutchess,41,Ozone,1,2021-03-05
Dutchess,37,Ozone,1,2021-03-06
Dutchess,39,Ozone,1,2021-03-07
Dutchess,43,Ozone,1,2021-03-08
Dutchess,41,Ozone,1,2021-03-09
Dutchess,41,Ozone,1,2021-03-10
Dutchess,50,Ozone,1,2021-03-11
Dutchess,42,Ozone,1,2021-03-12
Dutchess,39,Ozone,1,2021-03-13
Dutchess,39,Ozone,1,2021-03-14
Dutchess,39,Ozone,1,2021-03-15
Dutchess,32,Ozone,1,2021-03-16
Dutchess,31,Ozone,1,2021-03-17
Dutchess,34,Ozone,1,2021-03-18
Dutchess,37,Ozone,1,2021-03-19
Dutchess,40,Ozone,1,2021-03-20
Dutchess,42,Ozone,1,2021-03-21
Dutchess,49,Ozone,1,2021-03-22
Dutchess,45,Ozone,1,2021-03-23
Dutchess,34,Ozone,1,2021-03-24
Dutchess,36,Ozone,1,2021-03-25
Dutchess,40,Ozone,1,2021-03-26
Dutchess,39,Ozone,1,2021-03-27
Dutchess,37,Ozone,1,2021-03-28
Dutchess,40,Ozone,1,2021-03-29
Dutchess,45,Ozone,1,2021-03-30
Dutchess,35,Ozone,1,2021-03-31
Erie,31,PM2.5,4,2021-01-01
Erie,36,PM2.5,4,2021-01-02
Erie,36,PM2.5,4,2021-01-03
Erie,51,PM2.5,4,2021-01-04
Erie,50,PM2.5,4,2021-01-05
Erie,33,PM2.5,4,2021-01-06
Erie,30,Ozone,4,2021-01-07
Erie,33,PM2.5,4,2021-01-08
Erie,45,PM2.5,4,2021-01-09
Erie,43,PM2.5,4,2021-01-10
Erie,48,PM2.5,4,2021-01-11
Erie,51,PM2.5,4,2021-01-12
Erie,62,PM2.5,4,2021-01-13
Erie,54,PM2.5,4,2021-01-14
Erie,50,PM2.5,4,2021-01-15
Erie,35,PM2.5,4,2021-01-16
Erie,37,PM2.5,4,2021-01-17
Erie,33,PM2.5,4,2021-01-18
Erie,34,PM2.5,4,2021-01-19
Erie,31,Ozone,4,2021-01-20
Erie,32,PM2.5,4,2021-01-21
Erie,29,PM2.5,4,2021-01-22
Erie,33,Ozone,4,2021-01-23
Erie,28,Ozone,4,2021-01-24
Erie,36,PM2.5,4,2021-01-25
Erie,31,PM2.5,4,2021-01-26
Erie,38,PM2.5,4,2021-01-27
Erie,33,Ozone,4,2021-01-28
Erie,32,Ozone,4,2021-01-29
Erie,36,Ozone,4,2021-01-31
Erie,34,Ozone,4,2021-02-01
Erie,34,Ozone,4,2021-02-02
Erie,35,Ozone,4,2021-02-03
Erie,32,Ozone,4,2021-02-05
Erie,33,Ozone,4,2021-02-06
Erie,40,PM2.5,4,2021-02-08
Erie,56,PM2.5,4,2021-02-09
Erie,51,PM2.5,4,2021-02-10
Erie,44,PM2.5,4,2021-02-11
Erie,35,Ozone,4,2021-02-13
Erie,53,PM2.5,4,2021-02-15
Erie,35,Ozone,4,2021-02-16
Erie,37,Ozone,4,2021-02-18
Erie,37,Ozone,4,2021-02-19
Erie,42,Ozone,4,2021-02-20
Erie,64,PM2.5,4,2021-02-21
Erie,46,Ozone,4,2021-02-22
Erie,42,Ozone,4,2021-02-23
Erie,51,Ozone,4,2021-02-24
Erie,39,Ozone,4,2021-02-25
Erie,41,Ozone,4,2021-02-26
Erie,34,Ozone,4,2021-02-27
Erie,36,Ozone,4,2021-02-28
Erie,24,PM2.5,3,2021-03-01
Erie,18,PM2.5,4,2021-03-02
Erie,40,PM2.5,4,2021-03-03
Erie,22,PM2.5,3,2021-03-04
Erie,18,PM2.5,4,2021-03-06
Erie,36,PM2.5,3,2021-03-08
Erie,54,PM2.5,3,2021-03-09
Erie,56,PM2.5,3,2021-03-10
Erie,61,PM2.5,4,2021-03-11
Erie,18,PM2.5,3,2021-03-12
Erie,25,PM2.5,4,2021-03-14
Erie,39,Ozone,4,2021-03-15
Erie,56,PM2.5,4,2021-03-17
Erie,33,PM2.5,3,2021-03-18
Erie,38,Ozone,4,2021-03-19
Erie,45,Ozone,4,2021-03-21
Erie,51,Ozone,4,2021-03-22
Erie,48,Ozone,4,2021-03-23
Erie,39,Ozone,4,2021-03-24
Erie,44,Ozone,4,2021-03-25
Erie,31,Ozone,4,2021-03-26
Erie,35,Ozone,4,2021-03-27
Erie,31,Ozone,4,2021-03-28
Erie,37,Ozone,4,2021-03-29
Erie,47,Ozone,4,2021-03-30
Erie,31,PM2.5,3,2021-03-31
Essex,42,Ozone,3,2021-01-01
Essex,43,Ozone,3,2021-01-02
Essex,43,Ozone,3,2021-01-03
Essex,43,Ozone,3,2021-01-04
Essex,43,Ozone,3,2021-01-05
Essex,42,Ozone,3,2021-01-06
Essex,43,Ozone,3,2021-01-07
Essex,44,Ozone,3,2021-01-08
Essex,44,Ozone,3,2021-01-09
Essex,41,Ozone,3,2021-01-10
Essex,40,Ozone,3,2021-01-11
Essex,31,Ozone,3,2021-01-12
Essex,27,Ozone,3,2021-01-13
Essex,36,PM2.5,3,2021-01-14
Essex,39,Ozone,3,2021-01-15
Essex,34,Ozone,3,2021-01-16
Essex,28,Ozone,3,2021-01-17
Essex,40,Ozone,3,2021-01-18
Essex,40,Ozone,3,2021-01-19
Essex,37,Ozone,3,2021-01-20
Essex,35,Ozone,3,2021-01-21
Essex,30,Ozone,3,2021-01-22
Essex,36,Ozone,3,2021-01-23
Essex,39,Ozone,3,2021-01-24
Essex,38,Ozone,3,2021-01-25
Essex,41,Ozone,3,2021-01-26
Essex,36,Ozone,3,2021-01-27
Essex,34,Ozone,3,2021-01-28
Essex,35,Ozone,3,2021-01-29
Essex,44,Ozone,2,2021-01-30
Essex,46,Ozone,2,2021-01-31
Essex,46,Ozone,3,2021-02-01
Essex,39,Ozone,3,2021-02-02
Essex,40,Ozone,3,2021-02-03
Essex,44,Ozone,3,2021-02-04
Essex,44,Ozone,3,2021-02-05
Essex,40,Ozone,3,2021-02-06
Essex,41,Ozone,3,2021-02-07
Essex,39,Ozone,3,2021-02-08
Essex,40,Ozone,3,2021-02-09
Essex,40,Ozone,3,2021-02-10
Essex,39,Ozone,3,2021-02-11
Essex,42,Ozone,3,2021-02-12
Essex,42,Ozone,3,2021-02-13
Essex,44,Ozone,3,2021-02-14
Essex,43,Ozone,3,2021-02-15
Essex,35,Ozone,3,2021-02-16
Essex,38,Ozone,3,2021-02-17
Essex,46,Ozone,3,2021-02-18
Essex,44,Ozone,3,2021-02-19
Essex,40,Ozone,3,2021-02-20
Essex,43,Ozone,3,2021-02-21
Essex,45,Ozone,3,2021-02-22
Essex,46,Ozone,3,2021-02-23
Essex,45,Ozone,3,2021-02-24
Essex,38,Ozone,3,2021-02-25
Essex,43,Ozone,3,2021-02-26
Essex,43,Ozone,3,2021-02-27
Essex,44,Ozone,3,2021-02-28
Essex,37,Ozone,2,2021-03-01
Essex,41,Ozone,2,2021-03-02
Essex,38,Ozone,2,2021-03-03
Essex,38,Ozone,2,2021-03-04
Essex,39,Ozone,2,2021-03-05
Essex,36,Ozone,2,2021-03-06
Essex,40,Ozone,2,2021-03-07
Essex,58,Ozone,2,2021-03-08
Essex,44,Ozone,2,2021-03-09
Essex,64,Ozone,2,2021-03-10
Essex,61,Ozone,2,2021-03-11
Essex,43,Ozone,2,2021-03-12
Essex,41,Ozone,2,2021-03-13
Essex,42,Ozone,2,2021-03-14
Essex,44,Ozone,2,2021-03-15
Essex,45,Ozone,2,2021-03-16
Essex,44,Ozone,2,2021-03-17
Essex,40,Ozone,2,2021-03-18
Essex,41,Ozone,2,2021-03-19
Essex,46,Ozone,2,2021-03-20
Essex,47,Ozone,2,2021-03-21
Essex,54,Ozone,2,2021-03-22
Essex,61,Ozone,2,2021-03-23
Essex,47,Ozone,2,2021-03-24
Essex,47,Ozone,2,2021-03-25
Essex,40,Ozone,2,2021-03-26
Essex,44,Ozone,2,2021-03-27
Essex,44,Ozone,2,2021-03-28
Essex,47,Ozone,2,2021-03-29
Essex,50,Ozone,2,2021-03-30
Essex,47,Ozone,2,2021-03-31
Hamilton,31,Ozone,1,2021-01-01
Hamilton,32,Ozone,1,2021-01-02
Hamilton,32,Ozone,1,2021-01-03
Hamilton,20,Ozone,1,2021-01-04
Hamilton,28,Ozone,1,2021-01-05
Hamilton,30,Ozone,1,2021-01-06
Hamilton,31,Ozone,1,2021-01-07
Hamilton,32,Ozone,1,2021-01-08
Hamilton,39,Ozone,1,2021-01-09
Hamilton,29,Ozone,1,2021-01-10
Hamilton,31,Ozone,1,2021-01-11
Hamilton,27,Ozone,1,2021-01-12
Hamilton,24,Ozone,1,2021-01-13
Hamilton,19,Ozone,1,2021-01-14
Hamilton,28,Ozone,1,2021-01-15
Hamilton,28,Ozone,1,2021-01-16
Hamilton,30,Ozone,1,2021-01-17
Hamilton,31,Ozone,1,2021-01-18
Hamilton,30,Ozone,1,2021-01-19
Hamilton,31,Ozone,1,2021-01-20
Hamilton,26,Ozone,1,2021-01-21
Hamilton,30,Ozone,1,2021-01-22
Hamilton,34,Ozone,1,2021-01-23
Hamilton,38,Ozone,1,2021-01-24
Hamilton,36,Ozone,1,2021-01-25
Hamilton,33,Ozone,1,2021-01-26
Hamilton,35,Ozone,1,2021-01-27
Hamilton,34,Ozone,1,2021-01-28
Hamilton,34,Ozone,1,2021-01-29
Hamilton,36,Ozone,1,2021-01-30
Hamilton,35,Ozone,1,2021-01-31
Hamilton,39,Ozone,1,2021-02-01
Hamilton,37,Ozone,1,2021-02-02
Hamilton,39,Ozone,1,2021-02-03
Hamilton,42,Ozone,1,2021-02-04
Hamilton,35,Ozone,1,2021-02-05
Hamilton,38,Ozone,1,2021-02-06
Hamilton,37,Ozone,1,2021-02-07
Hamilton,35,Ozone,1,2021-02-08
Hamilton,35,Ozone,1,2021-02-09
Hamilton,39,Ozone,1,2021-02-10
Hamilton,37,Ozone,1,2021-02-11
Hamilton,36,Ozone,1,2021-02-12
Hamilton,38,Ozone,1,2021-02-13
Hamilton,36,Ozone,1,2021-02-14
Hamilton,35,Ozone,1,2021-02-15
Hamilton,31,Ozone,1,2021-02-16
Hamilton,36,Ozone,1,2021-02-17
Hamilton,36,Ozone,1,2021-02-18
Hamilton,35,Ozone,1,2021-02-19
Hamilton,40,Ozone,1,2021-02-20
Hamilton,39,Ozone,1,2021-02-21
Hamilton,44,Ozone,1,2021-02-22
Hamilton,44,Ozone,1,2021-02-23
Hamilton,40,Ozone,1,2021-02-24
Hamilton,40,Ozone,1,2021-02-25
Hamilton,40,Ozone,1,2021-02-26
Hamilton,43,Ozone,1,2021-02-27
Hamilton,40,Ozone,1,2021-02-28
Hamilton,38,Ozone,1,2021-03-01
Hamilton,40,Ozone,1,2021-03-02
Hamilton,39,Ozone,1,2021-03-03
Hamilton,40,Ozone,1,2021-03-04
Hamilton,42,Ozone,1,2021-03-05
Hamilton,37,Ozone,1,2021-03-06
Hamilton,39,Ozone,1,2021-03-07
Hamilton,44,Ozone,1,2021-03-08
Hamilton,41,Ozone,1,2021-03-09
Hamilton,48,Ozone,1,2021-03-10
Hamilton,64,Ozone,1,2021-03-11
Hamilton,44,Ozone,1,2021-03-12
Hamilton,41,Ozone,1,2021-03-13
Hamilton,41,Ozone,1,2021-03-14
Hamilton,41,Ozone,1,2021-03-15
Hamilton,41,Ozone,1,2021-03-16
Hamilton,39,Ozone,1,2021-03-17
Hamilton,38,Ozone,1,2021-03-18
Hamilton,41,Ozone,1,2021-03-19
Hamilton,44,Ozone,1,2021-03-20
Hamilton,44,Ozone,1,2021-03-21
Hamilton,50,Ozone,1,2021-03-22
Hamilton,58,Ozone,1,2021-03-23
Hamilton,33,Ozone,1,2021-03-24
Hamilton,35,Ozone,1,2021-03-25
Hamilton,30,Ozone,1,2021-03-26
Hamilton,31,Ozone,1,2021-03-27
Hamilton,38,Ozone,1,2021-03-28
Hamilton,39,Ozone,1,2021-03-29
Hamilton,46,Ozone,1,2021-03-30
Hamilton,40,Ozone,1,2021-03-31
Jefferson,33,Ozone,1,2021-01-01
Jefferson,31,Ozone,1,2021-01-02
Jefferson,31,Ozone,1,2021-01-03
Jefferson,17,Ozone,1,2021-01-04
Jefferson,24,Ozone,1,2021-01-05
Jefferson,31,Ozone,1,2021-01-06
Jefferson,30,Ozone,1,2021-01-07
Jefferson,30,Ozone,1,2021-01-08
Jefferson,32,Ozone,1,2021-01-09
Jefferson,31,Ozone,1,2021-01-10
Jefferson,31,Ozone,1,2021-01-11
Jefferson,27,Ozone,1,2021-01-12
Jefferson,24,Ozone,1,2021-01-13
Jefferson,19,Ozone,1,2021-01-14
Jefferson,27,Ozone,1,2021-01-15
Jefferson,25,Ozone,1,2021-01-16
Jefferson,29,Ozone,1,2021-01-18
Jefferson,28,Ozone,1,2021-01-19
Jefferson,31,Ozone,1,2021-01-20
Jefferson,31,Ozone,1,2021-01-21
Jefferson,29,Ozone,1,2021-01-22
Jefferson,31,Ozone,1,2021-01-23
Jefferson,36,Ozone,1,2021-01-24
Jefferson,35,Ozone,1,2021-01-25
Jefferson,33,Ozone,1,2021-01-26
Jefferson,33,Ozone,1,2021-01-27
Jefferson,32,Ozone,1,2021-01-28
Jefferson,34,Ozone,1,2021-01-29
Jefferson,34,Ozone,1,2021-01-30
Jefferson,34,Ozone,1,2021-01-31
Jefferson,31,Ozone,1,2021-02-01
Jefferson,37,Ozone,1,2021-02-02
Jefferson,40,Ozone,1,2021-02-03
Jefferson,39,Ozone,1,2021-02-04
Jefferson,37,Ozone,1,2021-02-05
Jefferson,33,Ozone,1,2021-02-06
Jefferson,37,Ozone,1,2021-02-07
Jefferson,36,Ozone,1,2021-02-08
Jefferson,37,Ozone,1,2021-02-09
Jefferson,40,Ozone,1,2021-02-10
Jefferson,38,Ozone,1,2021-02-11
Jefferson,34,Ozone,1,2021-02-12
Jefferson,33,Ozone,1,2021-02-13
Jefferson,36,Ozone,1,2021-02-14
Jefferson,38,Ozone,1,2021-02-15
Jefferson,35,Ozone,1,2021-02-16
Jefferson,35,Ozone,1,2021-02-17
Jefferson,39,Ozone,1,2021-02-18
Jefferson,35,Ozone,1,2021-02-19
Jefferson,39,Ozone,1,2021-02-20
Jefferson,41,Ozone,1,2021-02-21
Jefferson,45,Ozone,1,2021-02-22
Jefferson,45,Ozone,1,2021-02-23
Jefferson,41,Ozone,1,2021-02-26
Jefferson,43,Ozone,1,2021-02-27
Jefferson,39,Ozone,1,2021-02-28
Jefferson,39,Ozone,1,2021-03-02
Jefferson,36,Ozone,1,2021-03-03
Jefferson,39,Ozone,1,2021-03-04
Jefferson,41,Ozone,1,2021-03-05
Jefferson,37,Ozone,1,2021-03-06
Jefferson,37,Ozone,1,2021-03-07
Jefferson,40,Ozone,1,2021-03-08
Jefferson,40,Ozone,1,2021-03-09
Jefferson,64,Ozone,1,2021-03-10
Jefferson,50,Ozone,1,2021-03-11
Jefferson,40,Ozone,1,2021-03-12
Jefferson,38,Ozone,1,2021-03-13
Jefferson,40,Ozone,1,2021-03-14
Jefferson,38,Ozone,1,2021-03-15
Jefferson,40,Ozone,1,2021-03-16
Jefferson,35,Ozone,1,2021-03-17
Jefferson,37,Ozone,1,2021-03-18
Jefferson,40,Ozone,1,2021-03-19
Jefferson,41,Ozone,1,2021-03-20
Jefferson,46,Ozone,1,2021-03-21
Jefferson,54,Ozone,1,2021-03-22
Jefferson,64,Ozone,1,2021-03-23
Jefferson,38,Ozone,1,2021-03-24
Jefferson,44,Ozone,1,2021-03-25
Jefferson,25,Ozone,1,2021-03-26
Jefferson,33,Ozone,1,2021-03-27
Jefferson,37,Ozone,1,2021-03-28
Jefferson,39,Ozone,1,2021-03-29
Jefferson,49,Ozone,1,2021-03-30
Jefferson,44,Ozone,1,2021-03-31
Kings,42,PM2.5,3,2021-01-01
Kings,31,PM2.5,2,2021-01-02
Kings,36,PM2.5,2,2021-01-03
Kings,36,PM2.5,3,2021-01-04
Kings,34,PM2.5,1,2021-01-05
Kings,31,PM2.5,2,2021-01-06
Kings,24,PM2.5,2,2021-01-07
Kings,39,PM2.5,2,2021-01-08
Kings,30,PM2.5,2,2021-01-09
Kings,38,PM2.5,2,2021-01-10
Kings,54,PM2.5,2,2021-01-11
Kings,65,PM2.5,2,2021-01-12
Kings,61,PM2.5,2,2021-01-13
Kings,65,PM2.5,2,2021-01-14
Kings,54,PM2.5,2,2021-01-15
Kings,26,PM2.5,2,2021-01-16
Kings,36,PM2.5,2,2021-01-17
Kings,35,PM2.5,2,2021-01-18
Kings,42,PM2.5,3,2021-01-19
Kings,37,PM2.5,2,2021-01-20
Kings,40,PM2.5,2,2021-01-21
Kings,38,PM2.5,3,2021-01-22
Kings,34,PM2.5,2,2021-01-23
Kings,32,PM2.5,2,2021-01-24
Kings,37,PM2.5,3,2021-01-25
Kings,33,PM2.5,2,2021-01-26
Kings,43,PM2.5,2,2021-01-27
Kings,21,PM2.5,3,2021-01-28
Kings,17,PM2.5,2,2021-01-29
Kings,24,PM2.5,2,2021-01-30
Kings,31,PM2.5,3,2021-01-31
Kings,21,PM2.5,2,2021-02-01
Kings,22,PM2.5,2,2021-02-02
Kings,25,PM2.5,3,2021-02-03
Kings,30,PM2.5,2,2021-02-04
Kings,41,PM2.5,2,2021-02-05
Kings,36,PM2.5,3,2021-02-06
Kings,40,PM2.5,2,2021-02-07
Kings,34,PM2.5,2,2021-02-08
Kings,61,PM2.5,3,2021-02-09
Kings,45,PM2.5,2,2021-02-10
Kings,38,PM2.5,2,2021-02-11
Kings,29,PM2.5,3,2021-02-12
Kings,28,PM2.5,2,2021-02-13
Kings,38,PM2.5,2,2021-02-14
Kings,45,PM2.5,3,2021-02-15
Kings,22,PM2.5,1,2021-02-16
Kings,33,PM2.5,2,2021-02-17
Kings,28,PM2.5,3,2021-02-18
Kings,28,PM2.5,2,2021-02-19
Kings,38,PM2.5,2,2021-02-20
Kings,40,PM2.5,3,2021-02-21
Kings,30,PM2.5,2,2021-02-22
Kings,40,PM2.5,2,2021-02-23
Kings,29,PM2.5,3,2021-02-24
Kings,41,PM2.5,2,2021-02-25
Kings,30,PM2.5,2,2021-02-26
Kings,22,PM2.5,3,2021-02-27
Kings,32,PM2.5,2,2021-02-28
Kings,19,PM2.5,2,2021-03-01
Kings,25,PM2.5,3,2021-03-02
Kings,33,PM2.5,2,2021-03-03
Kings,27,PM2.5,2,2021-03-04
Kings,15,PM2.5,3,2021-03-05
Kings,18,PM2.5,2,2021-03-06
Kings,16,PM2.5,2,2021-03-07
Kings,24,PM2.5,3,2021-03-08
Kings,38,PM2.5,2,2021-03-09
Kings,38,PM2.5,2,2021-03-10
Kings,68,PM2.5,3,2021-03-11
Kings,33,PM2.5,2,2021-03-12
Kings,17,PM2.5,2,2021-03-13
Kings,21,PM2.5,3,2021-03-14
Kings,19,PM2.5,2,2021-03-15
Kings,22,PM2.5,2,2021-03-16
Kings,30,PM2.5,3,2021-03-17
Kings,12,PM2.5,2,2021-03-18
Kings,22,PM2.5,2,2021-03-19
Kings,29,PM2.5,3,2021-03-20
Kings,41,PM2.5,2,2021-03-21
Kings,35,PM2.5,2,2021-03-22
Kings,28,PM2.5,3,2021-03-23
Kings,24,PM2.5,2,2021-03-24
Kings,26,PM2.5,2,2021-03-25
Kings,19,PM2.5,3,2021-03-26
Kings,21,PM2.5,2,2021-03-27
Kings,14,PM2.5,2,2021-03-28
Kings,25,PM2.5,3,2021-03-29
Kings,24,PM2.5,2,2021-03-30
Kings,21,PM2.5,2,2021-03-31
Monroe,35,PM2.5,2,2021-01-01
Monroe,32,PM2.5,2,2021-01-02
Monroe,37,PM2.5,2,2021-01-03
Monroe,40,PM2.5,2,2021-01-04
Monroe,52,PM2.5,2,2021-01-05
Monroe,30,Ozone,2,2021-01-06
Monroe,30,Ozone,2,2021-01-07
Monroe,27,Ozone,2,2021-01-08
Monroe,31,Ozone,2,2021-01-09
Monroe,45,PM2.5,2,2021-01-10
Monroe,56,PM2.5,2,2021-01-11
Monroe,62,PM2.5,2,2021-01-12
Monroe,58,PM2.5,2,2021-01-13
Monroe,78,PM2.5,2,2021-01-14
Monroe,70,PM2.5,2,2021-01-15
Monroe,43,PM2.5,2,2021-01-16
Monroe,37,PM2.5,2,2021-01-17
Monroe,31,PM2.5,2,2021-01-18
Monroe,34,PM2.5,2,2021-01-19
Monroe,30,Ozone,2,2021-01-20
Monroe,38,PM2.5,2,2021-01-21
Monroe,33,PM2.5,2,2021-01-22
Monroe,34,Ozone,2,2021-01-23
Monroe,38,PM2.5,2,2021-01-24
Monroe,46,PM2.5,2,2021-01-25
Monroe,35,PM2.5,2,2021-01-26
Monroe,35,PM2.5,2,2021-01-27
Monroe,32,Ozone,2,2021-01-28
Monroe,19,PM2.5,2,2021-01-29
Monroe,43,PM2.5,2,2021-01-30
Monroe,48,PM2.5,2,2021-01-31
Monroe,34,PM2.5,2,2021-02-01
Monroe,35,Ozone,2,2021-02-02
Monroe,34,Ozone,2,2021-02-03
Monroe,37,Ozone,2,2021-02-04
Monroe,37,Ozone,2,2021-02-05
Monroe,47,PM2.5,2,2021-02-06
Monroe,37,PM2.5,2,2021-02-07
Monroe,39,PM2.5,2,2021-02-08
Monroe,54,PM2.5,2,2021-02-09
Monroe,48,PM2.5,2,2021-02-10
Monroe,44,PM2.5,2,2021-02-11
Monroe,34,PM2.5,2,2021-02-12
Monroe,34,Ozone,2,2021-02-13
Monroe,48,PM2.5,2,2021-02-14
Monroe,53,PM2.5,2,2021-02-15
Monroe,31,Ozone,2,2021-02-16
Monroe,33,PM2.5,2,2021-02-17
Monroe,46,PM2.5,2,2021-02-18
Monroe,52,PM2.5,2,2021-02-19
Monroe,52,PM2.5,2,2021-02-20
Monroe,55,PM2.5,2,2021-02-21
Monroe,48,PM2.5,2,2021-02-22
Monroe,54,PM2.5,2,2021-02-23
Monroe,49,Ozone,2,2021-02-24
Monroe,36,Ozone,2,2021-02-25
Monroe,39,Ozone,2,2021-02-26
Monroe,38,Ozone,2,2021-02-27
Monroe,44,PM2.5,2,2021-02-28
Monroe,36,Ozone,2,2021-03-01
Monroe,35,Ozone,2,2021-03-02
Monroe,49,PM2.5,2,2021-03-03
Monroe,37,Ozone,2,2021-03-04
Monroe,39,Ozone,2,2021-03-05
Monroe,34,Ozone,2,2021-03-06
Monroe,37,Ozone,2,2021-03-07
Monroe,38,Ozone,2,2021-03-08
Monroe,51,PM2.5,2,2021-03-09
Monroe,55,PM2.5,2,2021-03-10
Monroe,58,PM2.5,2,2021-03-11
Monroe,39,Ozone,1,2021-03-12
Monroe,38,Ozone,1,2021-03-13
Monroe,40,Ozone,2,2021-03-14
Monroe,38,Ozone,2,2021-03-15
Monroe,35,PM2.5,2,2021-03-16
Monroe,60,PM2.5,2,2021-03-17
Monroe,53,PM2.5,2,2021-03-18
Monroe,38,Ozone,2,2021-03-19
Monroe,42,Ozone,2,2021-03-20
Monroe,43,Ozone,2,2021-03-21
Monroe,49,Ozone,2,2021-03-22
Monroe,49,Ozone,2,2021-03-23
Monroe,33,Ozone,2,2021-03-24
Monroe,44,Ozone,2,2021-03-25
Monroe,27,Ozone,2,2021-03-26
Monroe,28,Ozone,2,2021-03-27
Monroe,34,Ozone,2,2021-03-28
Monroe,37,Ozone,2,2021-03-29
Monroe,46,Ozone,2,2021-03-30
Monroe,43,Ozone,2,2021-03-31
Nassau,35,PM2.5,1,2021-01-01
Nassau,34,PM2.5,1,2021-01-02
Nassau,35,PM2.5,1,2021-01-03
Nassau,30,PM2.5,1,2021-01-04
Nassau,28,PM2.5,1,2021-01-05
Nassau,34,PM2.5,1,2021-01-06
Nassau,27,PM2.5,1,2021-01-07
Nassau,27,PM2.5,1,2021-01-08
Nassau,29,PM2.5,1,2021-01-09
Nassau,42,PM2.5,1,2021-01-10
Nassau,58,PM2.5,1,2021-01-11
Nassau,64,PM2.5,1,2021-01-12
Nassau,62,PM2.5,1,2021-01-13
Nassau,61,PM2.5,1,2021-01-14
Nassau,51,PM2.5,1,2021-01-15
Nassau,21,PM2.5,1,2021-01-16
Nassau,35,PM2.5,1,2021-01-17
Nassau,35,PM2.5,1,2021-01-18
Nassau,38,PM2.5,1,2021-01-19
Nassau,33,PM2.5,1,2021-01-20
Nassau,41,PM2.5,1,2021-01-21
Nassau,40,PM2.5,1,2021-01-22
Nassau,26,PM2.5,1,2021-01-23
Nassau,22,PM2.5,1,2021-01-24
Nassau,26,PM2.5,1,2021-01-25
Nassau,25,PM2.5,1,2021-01-26
Nassau,34,PM2.5,1,2021-01-27
Nassau,26,PM2.5,1,2021-01-28
Nassau,22,PM2.5,1,2021-01-29
Nassau,26,PM2.5,1,2021-01-30
Nassau,18,PM2.5,1,2021-02-01
Nassau,16,PM2.5,1,2021-02-02
Nassau,20,PM2.5,1,2021-02-03
Nassau,19,PM2.5,1,2021-02-04
Nassau,40,PM2.5,1,2021-02-06
Nassau,42,PM2.5,1,2021-02-07
Nassau,34,PM2.5,1,2021-02-08
Nassau,40,PM2.5,1,2021-02-09
Nassau,45,PM2.5,1,2021-02-10
Nassau,33,PM2.5,1,2021-02-11
Nassau,25,PM2.5,1,2021-02-12
Nassau,23,PM2.5,1,2021-02-13
Nassau,34,PM2.5,1,2021-02-14
Nassau,30,PM2.5,1,2021-02-15
Nassau,19,PM2.5,1,2021-02-16
Nassau,31,PM2.5,1,2021-02-17
Nassau,19,PM2.5,1,2021-02-18
Nassau,23,PM2.5,1,2021-02-19
Nassau,38,PM2.5,1,2021-02-20
Nassau,35,PM2.5,1,2021-02-21
Nassau,24,PM2.5,1,2021-02-22
Nassau,42,PM2.5,1,2021-02-23
Nassau,30,PM2.5,1,2021-02-24
Nassau,30,PM2.5,1,2021-02-25
Nassau,24,PM2.5,1,2021-02-26
Nassau,21,PM2.5,1,2021-02-27
Nassau,23,PM2.5,1,2021-02-28
Nassau,19,PM2.5,1,2021-03-01
Nassau,18,PM2.5,1,2021-03-02
Nassau,25,PM2.5,1,2021-03-03
Nassau,16,PM2.5,1,2021-03-04
Nassau,10,PM2.5,1,2021-03-05
Nassau,18,PM2.5,1,2021-03-06
Nassau,17,PM2.5,1,2021-03-07
Nassau,20,PM2.5,1,2021-03-08
Nassau,42,PM2.5,1,2021-03-09
Nassau,29,PM2.5,1,2021-03-10
Nassau,59,PM2.5,1,2021-03-11
Nassau,32,PM2.5,1,2021-03-12
Nassau,17,PM2.5,1,2021-03-13
Nassau,20,PM2.5,1,2021-03-14
Nassau,18,PM2.5,1,2021-03-15
Nassau,16,PM2.5,1,2021-03-16
Nassau,19,PM2.5,1,2021-03-17
Nassau,8,PM2.5,1,2021-03-18
Nassau,22,PM2.5,1,2021-03-19
Nassau,24,PM2.5,1,2021-03-20
Nassau,34,PM2.5,1,2021-03-21
Nassau,29,PM2.5,1,2021-03-22
Nassau,17,PM2.5,1,2021-03-23
Nassau,15,PM2.5,1,2021-03-24
Nassau,14,PM2.5,1,2021-03-25
Nassau,18,PM2.5,1,2021-03-26
Nassau,20,PM2.5,1,2021-03-27
Nassau,11,PM2.5,1,2021-03-28
Nassau,20,PM2.5,1,2021-03-29
Nassau,22,PM2.5,1,2021-03-30
Nassau,15,PM2.5,1,2021-03-31
New York,39,PM2.5,3,2021-01-01
New York,39,PM2.5,2,2021-01-02
New York,40,PM2.5,2,2021-01-03
New York,37,PM2.5,3,2021-01-04
New York,36,PM2.5,2,2021-01-05
New York,47,PM2.5,2,2021-01-06
New York,38,PM2.5,3,2021-01-07
New York,33,PM2.5,2,2021-01-08
New York,33,PM2.5,2,2021-01-09
New York,40,PM2.5,3,2021-01-10
New York,53,PM2.5,2,2021-01-11
New York,65,PM2.5,2,2021-01-12
New York,69,PM2.5,3,2021-01-13
New York,64,PM2.5,2,2021-01-14
New York,56,PM2.5,2,2021-01-15
New York,27,PM2.5,3,2021-01-16
New York,38,PM2.5,2,2021-01-17
New York,42,PM2.5,2,2021-01-18
New York,42,PM2.5,3,2021-01-19
New York,40,PM2.5,2,2021-01-20
New York,40,PM2.5,2,2021-01-21
New York,44,PM2.5,3,2021-01-22
New York,29,PM2.5,2,2021-01-23
New York,31,Ozone,2,2021-01-24
New York,38,PM2.5,3,2021-01-25
New York,30,PM2.5,2,2021-01-26
New York,45,PM2.5,2,2021-01-27
New York,32,PM2.5,3,2021-01-28
New York,32,Ozone,2,2021-01-29
New York,36,PM2.5,2,2021-01-30
New York,31,PM2.5,3,2021-01-31
New York,28,Ozone,2,2021-02-01
New York,25,Ozone,2,2021-02-02
New York,30,PM2.5,3,2021-02-03
New York,57,PM2.5,2,2021-02-04
New York,48,PM2.5,2,2021-02-05
New York,38,PM2.5,3,2021-02-06
New York,42,PM2.5,2,2021-02-07
New York,42,PM2.5,2,2021-02-08
New York,53,PM2.5,3,2021-02-09
New York,44,PM2.5,2,2021-02-10
New York,35,PM2.5,2,2021-02-11
New York,29,Ozone,2,2021-02-12
New York,30,PM2.5,2,2021-02-13
New York,38,PM2.5,2,2021-02-14
New York,50,PM2.5,3,2021-02-15
New York,30,PM2.5,2,2021-02-16
New York,32,PM2.5,2,2021-02-17
New York,26,PM2.5,3,2021-02-18
New York,27,PM2.5,2,2021-02-19
New York,42,PM2.5,2,2021-02-20
New York,43,PM2.5,2,2021-02-21
New York,37,PM2.5,2,2021-02-22
New York,47,PM2.5,2,2021-02-23
New York,37,PM2.5,3,2021-02-24
New York,37,PM2.5,2,2021-02-25
New York,31,Ozone,2,2021-02-26
New York,25,PM2.5,3,2021-02-27
New York,29,PM2.5,2,2021-02-28
New York,35,Ozone,2,2021-03-01
New York,36,Ozone,3,2021-03-02
New York,31,Ozone,2,2021-03-03
New York,34,Ozone,2,2021-03-04
New York,36,Ozone,3,2021-03-05
New York,32,Ozone,2,2021-03-06
New York,34,Ozone,2,2021-03-07
New York,38,Ozone,2,2021-03-08
New York,40,PM2.5,2,2021-03-09
New York,38,PM2.5,2,2021-03-10
New York,68,PM2.5,2,2021-03-11
New York,42,Ozone,2,2021-03-12
New York,36,Ozone,2,2021-03-13
New York,38,Ozone,2,2021-03-14
New York,35,Ozone,2,2021-03-15
New York,24,Ozone,2,2021-03-16
New York,38,PM2.5,3,2021-03-17
New York,29,Ozone,2,2021-03-18
New York,34,Ozone,2,2021-03-19
New York,34,Ozone,3,2021-03-20
New York,36,Ozone,2,2021-03-21
New York,42,PM2.5,2,2021-03-22
New York,31,Ozone,2,2021-03-23
New York,25,PM2.5,2,2021-03-24
New York,27,PM2.5,2,2021-03-25
New York,65,PM2.5,3,2021-03-26
New York,43,Ozone,2,2021-03-27
New York,32,Ozone,2,2021-03-28
New York,36,Ozone,3,2021-03-29
New York,41,Ozone,2,2021-03-30
New York,30,Ozone,2,2021-03-31
Niagara,27,Ozone,1,2021-01-01
Niagara,26,Ozone,1,2021-01-02
Niagara,26,Ozone,1,2021-01-03
Niagara,22,Ozone,1,2021-01-04
Niagara,20,Ozone,1,2021-01-05
Niagara,31,Ozone,1,2021-01-06
Niagara,31,Ozone,1,2021-01-07
Niagara,29,Ozone,1,2021-01-08
Niagara,32,Ozone,1,2021-01-09
Niagara,28,Ozone,1,2021-01-10
Niagara,26,Ozone,1,2021-01-11
Niagara,25,Ozone,1,2021-01-12
Niagara,20,Ozone,1,2021-01-13
Niagara,17,Ozone,1,2021-01-14
Niagara,21,Ozone,1,2021-01-15
Niagara,26,Ozone,1,2021-01-16
Niagara,23,Ozone,1,2021-01-17
Niagara,28,Ozone,1,2021-01-18
Niagara,28,Ozone,1,2021-01-19
Niagara,31,Ozone,1,2021-01-20
Niagara,29,Ozone,1,2021-01-21
Niagara,31,Ozone,1,2021-01-22
Niagara,35,Ozone,1,2021-01-23
Niagara,37,Ozone,1,2021-01-24
Niagara,34,Ozone,1,2021-01-25
Niagara,31,Ozone,1,2021-01-26
Niagara,33,Ozone,1,2021-01-27
Niagara,36,Ozone,1,2021-01-28
Niagara,36,Ozone,1,2021-01-29
Niagara,34,Ozone,1,2021-01-30
Niagara,39,Ozone,1,2021-01-31
Niagara,37,Ozone,1,2021-02-01
Niagara,35,Ozone,1,2021-02-02
Niagara,38,Ozone,1,2021-02-03
Niagara,40,Ozone,1,2021-02-04
Niagara,37,Ozone,1,2021-02-05
Niagara,36,Ozone,1,2021-02-06
Niagara,37,Ozone,1,2021-02-07
Niagara,33,Ozone,1,2021-02-08
Niagara,35,Ozone,1,2021-02-09
Niagara,38,Ozone,1,2021-02-10
Niagara,36,Ozone,1,2021-02-11
Niagara,34,Ozone,1,2021-02-12
Niagara,36,Ozone,1,2021-02-13
Niagara,34,Ozone,1,2021-02-14
Niagara,38,Ozone,1,2021-02-15
Niagara,36,Ozone,1,2021-02-16
Niagara,38,Ozone,1,2021-02-18
Niagara,38,Ozone,1,2021-02-19
Niagara,42,Ozone,1,2021-02-20
Niagara,54,Ozone,1,2021-02-21
Niagara,47,Ozone,1,2021-02-22
Niagara,44,Ozone,1,2021-02-23
Niagara,61,Ozone,1,2021-02-24
Niagara,37,Ozone,1,2021-02-25
Niagara,40,Ozone,1,2021-02-26
Niagara,36,Ozone,1,2021-02-27
Niagara,36,Ozone,1,2021-02-28
Niagara,37,Ozone,1,2021-03-01
Niagara,37,Ozone,1,2021-03-02
Niagara,33,Ozone,1,2021-03-03
Niagara,37,Ozone,1,2021-03-04
Niagara,39,Ozone,1,2021-03-05
Niagara,35,Ozone,1,2021-03-06
Niagara,38,Ozone,1,2021-03-07
Niagara,43,Ozone,1,2021-03-08
Niagara,33,Ozone,1,2021-03-09
Niagara,61,Ozone,1,2021-03-10
Niagara,48,Ozone,1,2021-03-11
Niagara,37,Ozone,1,2021-03-12
Niagara,39,Ozone,1,2021-03-13
Niagara,39,Ozone,1,2021-03-14
Niagara,37,Ozone,1,2021-03-15
Niagara,31,Ozone,1,2021-03-16
Niagara,34,Ozone,1,2021-03-17
Niagara,36,Ozone,1,2021-03-18
Niagara,38,Ozone,1,2021-03-19
Niagara,42,Ozone,1,2021-03-20
Niagara,44,Ozone,1,2021-03-21
Niagara,51,Ozone,1,2021-03-22
Niagara,47,Ozone,1,2021-03-23
Niagara,34,Ozone,1,2021-03-24
Niagara,41,Ozone,1,2021-03-25
Niagara,26,Ozone,1,2021-03-26
Niagara,24,Ozone,1,2021-03-27
Niagara,29,Ozone,1,2021-03-28
Niagara,33,Ozone,1,2021-03-29
Niagara,44,Ozone,1,2021-03-30
Niagara,39,Ozone,1,2021-03-31
Oneida,27,PM2.5,1,2021-01-01
Oneida,34,PM2.5,1,2021-01-02
Oneida,35,PM2.5,1,2021-01-03
Oneida,42,PM2.5,1,2021-01-04
Oneida,37,PM2.5,1,2021-01-05
Oneida,31,PM2.5,1,2021-01-06
Oneida,25,PM2.5,1,2021-01-07
Oneida,28,PM2.5,1,2021-01-08
Oneida,33,PM2.5,1,2021-01-09
Oneida,37,PM2.5,1,2021-01-10
Oneida,43,PM2.5,1,2021-01-11
Oneida,39,PM2.5,1,2021-01-12
Oneida,58,PM2.5,1,2021-01-15
Oneida,22,PM2.5,1,2021-01-16
Oneida,32,PM2.5,1,2021-01-17
Oneida,25,PM2.5,1,2021-01-18
Oneida,29,PM2.5,1,2021-01-19
Oneida,24,PM2.5,1,2021-01-20
Oneida,32,PM2.5,1,2021-01-21
Oneida,28,PM2.5,1,2021-01-22
Oneida,26,PM2.5,1,2021-01-23
Oneida,20,PM2.5,1,2021-01-24
Oneida,44,PM2.5,1,2021-01-25
Oneida,33,PM2.5,1,2021-01-26
Oneida,35,PM2.5,1,2021-01-27
Oneida,22,PM2.5,1,2021-01-28
Oneida,20,PM2.5,1,2021-01-29
Oneida,19,PM2.5,1,2021-01-30
Oneida,27,PM2.5,1,2021-01-31
Oneida,30,PM2.5,1,2021-02-01
Oneida,26,PM2.5,1,2021-02-02
Oneida,21,PM2.5,1,2021-02-03
Oneida,28,PM2.5,1,2021-02-04
Oneida,28,PM2.5,1,2021-02-07
Oneida,31,PM2.5,1,2021-02-08
Oneida,35,PM2.5,1,2021-02-09
Oneida,37,PM2.5,1,2021-02-10
Oneida,38,PM2.5,1,2021-02-11
Oneida,35,PM2.5,1,2021-02-12
Oneida,30,PM2.5,1,2021-02-13
Oneida,27,PM2.5,1,2021-02-14
Oneida,29,PM2.5,1,2021-02-15
Oneida,26,PM2.5,1,2021-02-16
Oneida,31,PM2.5,1,2021-02-17
Oneida,28,PM2.5,1,2021-02-18
Oneida,23,PM2.5,1,2021-02-19
Oneida,32,PM2.5,1,2021-02-20
Oneida,32,PM2.5,1,2021-02-21
Oneida,25,PM2.5,1,2021-02-22
Oneida,41,PM2.5,1,2021-02-23
Oneida,22,PM2.5,1,2021-02-24
Oneida,25,PM2.5,1,2021-02-26
Oneida,27,PM2.5,1,2021-02-27
Oneida,30,PM2.5,1,2021-02-28
Oneida,14,PM2.5,1,2021-03-02
Oneida,33,PM2.5,1,2021-03-03
Oneida,16,PM2.5,1,2021-03-04
Oneida,13,PM2.5,1,2021-03-05
Oneida,18,PM2.5,1,2021-03-06
Oneida,21,PM2.5,1,2021-03-07
Oneida,29,PM2.5,1,2021-03-08
Oneida,49,PM2.5,1,2021-03-09
Oneida,31,PM2.5,1,2021-03-10
Oneida,55,PM2.5,1,2021-03-11
Oneida,8,PM2.5,1,2021-03-12
Oneida,0,PM2.5,1,2021-03-13
Oneida,8,PM2.5,1,2021-03-14
Oneida,3,PM2.5,1,2021-03-15
Oneida,10,PM2.5,1,2021-03-16
Oneida,25,PM2.5,1,2021-03-17
Oneida,21,PM2.5,1,2021-03-18
Oneida,11,PM2.5,1,2021-03-19
Oneida,16,PM2.5,1,2021-03-20
Oneida,22,PM2.5,1,2021-03-21
Oneida,22,PM2.5,1,2021-03-22
Oneida,24,PM2.5,1,2021-03-23
Oneida,10,PM2.5,1,2021-03-24
Oneida,13,PM2.5,1,2021-03-25
Oneida,8,PM2.5,1,2021-03-26
Oneida,1,PM2.5,1,2021-03-27
Oneida,0,PM2.5,1,2021-03-28
Oneida,7,PM2.5,1,2021-03-29
Oneida,7,PM2.5,1,2021-03-30
Oneida,11,PM2.5,1,2021-03-31
Onondaga,30,Ozone,1,2021-01-01
Onondaga,24,Ozone,1,2021-01-02
Onondaga,31,PM2.5,1,2021-01-03
Onondaga,40,PM2.5,1,2021-01-04
Onondaga,43,PM2.5,1,2021-01-05
Onondaga,29,Ozone,1,2021-01-06
Onondaga,29,Ozone,1,2021-01-07
Onondaga,26,Ozone,1,2021-01-08
Onondaga,32,Ozone,1,2021-01-09
Onondaga,28,PM2.5,1,2021-01-10
Onondaga,53,PM2.5,1,2021-01-11
Onondaga,56,PM2.5,1,2021-01-12
Onondaga,55,PM2.5,1,2021-01-13
Onondaga,63,PM2.5,1,2021-01-14
Onondaga,64,PM2.5,1,2021-01-15
Onondaga,45,PM2.5,1,2021-01-16
Onondaga,36,PM2.5,1,2021-01-17
Onondaga,19,PM2.5,1,2021-01-18
Onondaga,30,PM2.5,1,2021-01-19
Onondaga,32,Ozone,1,2021-01-20
Onondaga,31,PM2.5,1,2021-01-21
Onondaga,29,Ozone,1,2021-01-22
Onondaga,31,Ozone,1,2021-01-23
Onondaga,33,Ozone,1,2021-01-24
Onondaga,31,Ozone,1,2021-01-25
Onondaga,36,PM2.5,1,2021-01-26
Onondaga,31,Ozone,1,2021-01-27
Onondaga,32,Ozone,1,2021-01-28
Onondaga,31,Ozone,1,2021-01-29
Onondaga,32,Ozone,1,2021-01-30
Onondaga,31,Ozone,1,2021-01-31
Onondaga,34,Ozone,1,2021-02-01
Onondaga,38,PM2.5,1,2021-02-02
Onondaga,35,Ozone,1,2021-02-03
Onondaga,35,Ozone,1,2021-02-04
Onondaga,37,Ozone,1,2021-02-05
Onondaga,37,Ozone,1,2021-02-06
Onondaga,35,Ozone,1,2021-02-07
Onondaga,36,Ozone,1,2021-02-08
Onondaga,52,PM2.5,1,2021-02-09
Onondaga,41,PM2.5,1,2021-02-10
Onondaga,38,PM2.5,1,2021-02-11
Onondaga,33,PM2.5,1,2021-02-12
Onondaga,35,Ozone,1,2021-02-13
Onondaga,36,PM2.5,1,2021-02-14
Onondaga,44,PM2.5,1,2021-02-15
Onondaga,32,PM2.5,1,2021-02-16
Onondaga,33,Ozone,1,2021-02-17
Onondaga,34,Ozone,1,2021-02-18
Onondaga,41,PM2.5,1,2021-02-19
Onondaga,39,Ozone,1,2021-02-20
Onondaga,41,Ozone,1,2021-02-21
Onondaga,44,Ozone,1,2021-02-22
Onondaga,46,PM2.5,1,2021-02-23
Onondaga,49,Ozone,1,2021-02-24
Onondaga,37,Ozone,1,2021-02-25
Onondaga,40,Ozone,1,2021-02-26
Onondaga,42,Ozone,1,2021-02-27
Onondaga,39,Ozone,1,2021-02-28
Onondaga,38,Ozone,1,2021-03-01
Onondaga,38,Ozone,1,2021-03-02
Onondaga,48,PM2.5,1,2021-03-03
Onondaga,37,Ozone,1,2021-03-04
Onondaga,40,Ozone,1,2021-03-05
Onondaga,34,Ozone,1,2021-03-06
Onondaga,38,Ozone,1,2021-03-07
Onondaga,39,Ozone,1,2021-03-08
Onondaga,49,PM2.5,1,2021-03-09
Onondaga,54,Ozone,1,2021-03-10
Onondaga,57,PM2.5,1,2021-03-11
Onondaga,41,Ozone,1,2021-03-12
Onondaga,38,Ozone,1,2021-03-13
Onondaga,39,Ozone,1,2021-03-14
Onondaga,38,Ozone,1,2021-03-15
Onondaga,36,Ozone,1,2021-03-16
Onondaga,49,PM2.5,1,2021-03-17
Onondaga,54,PM2.5,1,2021-03-18
Onondaga,38,Ozone,1,2021-03-19
Onondaga,41,Ozone,1,2021-03-20
Onondaga,43,Ozone,1,2021-03-21
Onondaga,51,Ozone,1,2021-03-22
Onondaga,51,Ozone,1,2021-03-23
Onondaga,33,Ozone,1,2021-03-24
Onondaga,43,Ozone,1,2021-03-25
Onondaga,32,Ozone,1,2021-03-26
Onondaga,28,Ozone,1,2021-03-27
Onondaga,39,Ozone,1,2021-03-28
Onondaga,40,Ozone,1,2021-03-29
Onondaga,48,Ozone,1,2021-03-30
Onondaga,42,Ozone,1,2021-03-31
Orange,56,PM2.5,2,2021-01-01
Orange,32,PM2.5,2,2021-01-02
Orange,40,PM2.5,2,2021-01-03
Orange,44,PM2.5,2,2021-01-04
Orange,35,PM2.5,2,2021-01-05
Orange,37,PM2.5,2,2021-01-06
Orange,30,Ozone,2,2021-01-07
Orange,24,Ozone,2,2021-01-08
Orange,30,Ozone,2,2021-01-09
Orange,34,PM2.5,2,2021-01-10
Orange,54,PM2.5,2,2021-01-11
Orange,65,PM2.5,2,2021-01-12
Orange,64,PM2.5,2,2021-01-13
Orange,72,PM2.5,2,2021-01-14
Orange,55,PM2.5,2,2021-01-15
Orange,31,PM2.5,2,2021-01-16
Orange,32,PM2.5,2,2021-01-17
Orange,33,PM2.5,2,2021-01-18
Orange,33,PM2.5,2,2021-01-19
Orange,31,Ozone,2,2021-01-20
Orange,34,PM2.5,2,2021-01-21
Orange,39,PM2.5,2,2021-01-22
Orange,33,Ozone,2,2021-01-23
Orange,34,Ozone,2,2021-01-24
Orange,30,Ozone,2,2021-01-25
Orange,38,PM2.5,2,2021-01-26
Orange,40,PM2.5,2,2021-01-27
Orange,34,Ozone,2,2021-01-28
Orange,36,Ozone,2,2021-01-29
Orange,35,Ozone,2,2021-01-30
Orange,29,Ozone,2,2021-01-31
Orange,32,Ozone,2,2021-02-01
Orange,32,Ozone,2,2021-02-02
Orange,37,Ozone,2,2021-02-03
Orange,39,Ozone,2,2021-02-04
Orange,39,PM2.5,2,2021-02-05
Orange,38,Ozone,2,2021-02-06
Orange,39,PM2.5,2,2021-02-07
Orange,35,Ozone,2,2021-02-08
Orange,52,PM2.5,2,2021-02-09
Orange,38,Ozone,1,2021-02-10
Orange,39,Ozone,1,2021-02-11
Orange,33,Ozone,2,2021-02-12
Orange,34,Ozone,1,2021-02-13
Orange,33,Ozone,1,2021-02-14
Orange,31,Ozone,1,2021-02-15
Orange,31,Ozone,1,2021-02-16
Orange,36,Ozone,1,2021-02-17
Orange,31,Ozone,1,2021-02-18
Orange,33,Ozone,1,2021-02-19
Orange,40,Ozone,1,2021-02-20
Orange,38,Ozone,1,2021-02-21
Orange,35,Ozone,1,2021-02-22
Orange,36,Ozone,1,2021-02-23
Orange,43,Ozone,1,2021-02-24
Orange,40,Ozone,1,2021-02-25
Orange,42,Ozone,1,2021-02-26
Orange,32,Ozone,1,2021-02-27
Orange,31,Ozone,1,2021-02-28
Orange,37,Ozone,1,2021-03-01
Orange,38,Ozone,1,2021-03-02
Orange,38,Ozone,1,2021-03-03
Orange,39,Ozone,1,2021-03-04
Orange,39,Ozone,2,2021-03-05
Orange,37,Ozone,1,2021-03-06
Orange,39,Ozone,1,2021-03-07
Orange,44,Ozone,2,2021-03-08
Orange,41,Ozone,1,2021-03-09
Orange,35,Ozone,1,2021-03-10
Orange,56,PM2.5,2,2021-03-11
Orange,42,Ozone,1,2021-03-12
Orange,38,Ozone,1,2021-03-13
Orange,39,Ozone,2,2021-03-14
Orange,39,Ozone,1,2021-03-15
Orange,31,Ozone,1,2021-03-16
Orange,42,PM2.5,2,2021-03-17
Orange,34,Ozone,1,2021-03-18
Orange,37,Ozone,1,2021-03-19
Orange,40,Ozone,2,2021-03-20
Orange,44,Ozone,1,2021-03-21
Orange,45,Ozone,1,2021-03-22
Orange,43,Ozone,2,2021-03-23
Orange,26,Ozone,1,2021-03-24
Orange,31,Ozone,1,2021-03-25
Orange,39,Ozone,2,2021-03-26
Orange,37,Ozone,1,2021-03-27
Orange,34,Ozone,1,2021-03-28
Orange,41,Ozone,2,2021-03-29
Orange,42,Ozone,1,2021-03-30
Orange,27,Ozone,1,2021-03-31
Oswego,32,Ozone,1,2021-01-01
Oswego,28,Ozone,1,2021-01-02
Oswego,29,Ozone,1,2021-01-03
Oswego,24,Ozone,1,2021-01-04
Oswego,25,Ozone,1,2021-01-05
Oswego,32,Ozone,1,2021-01-06
Oswego,30,Ozone,1,2021-01-08
Oswego,35,Ozone,1,2021-01-09
Oswego,28,Ozone,1,2021-01-10
Oswego,28,Ozone,1,2021-01-11
Oswego,29,Ozone,1,2021-01-12
Oswego,23,Ozone,1,2021-01-13
Oswego,16,Ozone,1,2021-01-14
Oswego,28,Ozone,1,2021-01-16
Oswego,26,Ozone,1,2021-01-17
Oswego,31,Ozone,1,2021-01-18
Oswego,30,Ozone,1,2021-01-19
Oswego,35,Ozone,1,2021-01-20
Oswego,30,Ozone,1,2021-01-21
Oswego,31,Ozone,1,2021-01-22
Oswego,36,Ozone,1,2021-01-23
Oswego,36,Ozone,1,2021-01-24
Oswego,31,Ozone,1,2021-01-25
Oswego,33,Ozone,1,2021-01-26
Oswego,36,Ozone,1,2021-01-27
Oswego,36,Ozone,1,2021-01-28
Oswego,35,Ozone,1,2021-01-29
Oswego,37,Ozone,1,2021-01-30
Oswego,38,Ozone,1,2021-01-31
Oswego,35,Ozone,1,2021-02-01
Oswego,38,Ozone,1,2021-02-02
Oswego,41,Ozone,1,2021-02-03
Oswego,39,Ozone,1,2021-02-04
Oswego,38,Ozone,1,2021-02-05
Oswego,37,Ozone,1,2021-02-06
Oswego,39,Ozone,1,2021-02-07
Oswego,38,Ozone,1,2021-02-08
Oswego,37,Ozone,1,2021-02-09
Oswego,42,Ozone,1,2021-02-10
Oswego,38,Ozone,1,2021-02-11
Oswego,34,Ozone,1,2021-02-12
Oswego,36,Ozone,1,2021-02-13
Oswego,34,Ozone,1,2021-02-14
Oswego,35,Ozone,1,2021-02-15
Oswego,32,Ozone,1,2021-02-16
Oswego,35,Ozone,1,2021-02-17
Oswego,37,Ozone,1,2021-02-18
Oswego,35,Ozone,1,2021-02-19
Oswego,42,Ozone,1,2021-02-20
Oswego,44,Ozone,1,2021-02-21
Oswego,47,Ozone,1,2021-02-22
Oswego,46,Ozone,1,2021-02-23
Oswego,51,Ozone,1,2021-02-24
Oswego,39,Ozone,1,2021-02-25
Oswego,44,Ozone,1,2021-02-26
Oswego,44,Ozone,1,2021-02-27
Oswego,41,Ozone,1,2021-02-28
Oswego,41,Ozone,1,2021-03-01
Oswego,40,Ozone,1,2021-03-02
Oswego,37,Ozone,1,2021-03-03
Oswego,40,Ozone,1,2021-03-04
Oswego,42,Ozone,1,2021-03-05
Oswego,39,Ozone,1,2021-03-06
Oswego,39,Ozone,1,2021-03-07
Oswego,39,Ozone,1,2021-03-08
Oswego,36,Ozone,1,2021-03-09
Oswego,61,Ozone,1,2021-03-10
Oswego,54,Ozone,1,2021-03-11
Oswego,41,Ozone,1,2021-03-12
Oswego,39,Ozone,1,2021-03-13
Oswego,41,Ozone,1,2021-03-14
Oswego,39,Ozone,1,2021-03-15
Oswego,32,Ozone,1,2021-03-16
Oswego,34,Ozone,1,2021-03-17
Oswego,37,Ozone,1,2021-03-18
Oswego,40,Ozone,1,2021-03-19
Oswego,44,Ozone,1,2021-03-20
Oswego,45,Ozone,1,2021-03-21
Oswego,51,Ozone,1,2021-03-22
Oswego,51,Ozone,1,2021-03-23
Oswego,31,Ozone,1,2021-03-24
Oswego,44,Ozone,1,2021-03-25
Oswego,31,Ozone,1,2021-03-26
Oswego,31,Ozone,1,2021-03-27
Oswego,36,Ozone,1,2021-03-28
Oswego,41,Ozone,1,2021-03-29
Oswego,49,Ozone,1,2021-03-30
Putnam,29,Ozone,1,2021-01-01
Putnam,31,Ozone,1,2021-01-02
Putnam,26,Ozone,1,2021-01-03
Putnam,24,Ozone,1,2021-01-04
Putnam,27,Ozone,1,2021-01-05
Putnam,30,Ozone,1,2021-01-06
Putnam,32,Ozone,1,2021-01-07
Putnam,28,Ozone,1,2021-01-08
Putnam,36,Ozone,1,2021-01-09
Putnam,32,Ozone,1,2021-01-10
Putnam,25,Ozone,1,2021-01-11
Putnam,25,Ozone,1,2021-01-12
Putnam,17,Ozone,1,2021-01-13
Putnam,18,Ozone,1,2021-01-14
Putnam,30,Ozone,1,2021-01-15
Putnam,29,Ozone,1,2021-01-16
Putnam,29,Ozone,1,2021-01-17
Putnam,29,Ozone,1,2021-01-18
Putnam,28,Ozone,1,2021-01-19
Putnam,33,Ozone,1,2021-01-20
Putnam,26,Ozone,1,2021-01-21
Putnam,32,Ozone,1,2021-01-22
Putnam,34,Ozone,1,2021-01-23
Putnam,37,Ozone,1,2021-01-24
Putnam,35,Ozone,1,2021-01-25
Putnam,30,Ozone,1,2021-01-26
Putnam,35,Ozone,1,2021-01-27
Putnam,36,Ozone,1,2021-01-28
Putnam,36,Ozone,1,2021-01-29
Putnam,36,Ozone,1,2021-01-30
Putnam,31,Ozone,1,2021-01-31
Putnam,36,Ozone,1,2021-02-01
Putnam,35,Ozone,1,2021-02-02
Putnam,39,Ozone,1,2021-02-03
Putnam,42,Ozone,1,2021-02-04
Putnam,31,Ozone,1,2021-02-05
Putnam,40,Ozone,1,2021-02-06
Putnam,38,Ozone,1,2021-02-07
Putnam,36,Ozone,1,2021-02-08
Putnam,28,Ozone,1,2021-02-09
Putnam,39,Ozone,1,2021-02-10
Putnam,42,Ozone,1,2021-02-11
Putnam,37,Ozone,1,2021-02-12
Putnam,36,Ozone,1,2021-02-13
Putnam,37,Ozone,1,2021-02-14
Putnam,33,Ozone,1,2021-02-15
Putnam,33,Ozone,1,2021-02-16
Putnam,38,Ozone,1,2021-02-17
Putnam,34,Ozone,1,2021-02-18
Putnam,36,Ozone,1,2021-02-19
Putnam,42,Ozone,1,2021-02-20
Putnam,40,Ozone,1,2021-02-21
Putnam,37,Ozone,1,2021-02-22
Putnam,41,Ozone,1,2021-02-23
Putnam,42,Ozone,1,2021-02-24
Putnam,43,Ozone,1,2021-02-25
Putnam,44,Ozone,1,2021-02-26
Putnam,39,Ozone,1,2021-02-27
Putnam,36,Ozone,1,2021-02-28
Putnam,40,Ozone,1,2021-03-01
Putnam,42,Ozone,1,2021-03-02
Putnam,43,Ozone,1,2021-03-03
Putnam,41,Ozone,1,2021-03-04
Putnam,43,Ozone,1,2021-03-05
Putnam,39,Ozone,1,2021-03-06
Putnam,40,Ozone,1,2021-03-07
Putnam,44,Ozone,1,2021-03-08
Putnam,45,Ozone,1,2021-03-09
Putnam,43,Ozone,1,2021-03-10
Putnam,48,Ozone,1,2021-03-11
Putnam,44,Ozone,1,2021-03-12
Putnam,41,Ozone,1,2021-03-13
Putnam,41,Ozone,1,2021-03-14
Putnam,41,Ozone,1,2021-03-15
Putnam,33,Ozone,1,2021-03-16
Putnam,34,Ozone,1,2021-03-17
Putnam,35,Ozone,1,2021-03-18
Putnam,40,Ozone,1,2021-03-19
Putnam,42,Ozone,1,2021-03-20
Putnam,46,Ozone,1,2021-03-21
Putnam,49,Ozone,1,2021-03-22
Putnam,46,Ozone,1,2021-03-23
Putnam,37,Ozone,1,2021-03-24
Putnam,33,Ozone,1,2021-03-25
Putnam,42,Ozone,1,2021-03-26
Putnam,42,Ozone,1,2021-03-27
Putnam,36,Ozone,1,2021-03-28
Putnam,42,Ozone,1,2021-03-29
Putnam,47,Ozone,1,2021-03-30
Putnam,35,Ozone,1,2021-03-31
Queens,42,PM2.5,3,2021-01-01
Queens,35,PM2.5,3,2021-01-02
Queens,42,PM2.5,3,2021-01-03
Queens,42,PM2.5,3,2021-01-04
Queens,40,PM2.5,3,2021-01-05
Queens,43,PM2.5,3,2021-01-06
Queens,35,PM2.5,3,2021-01-07
Queens,38,PM2.5,3,2021-01-08
Queens,35,PM2.5,3,2021-01-09
Queens,44,PM2.5,3,2021-01-10
Queens,58,PM2.5,3,2021-01-11
Queens,67,PM2.5,3,2021-01-12
Queens,69,PM2.5,3,2021-01-13
Queens,74,PM2.5,2,2021-01-14
Queens,59,PM2.5,2,2021-01-15
Queens,27,PM2.5,3,2021-01-16
Queens,36,PM2.5,3,2021-01-17
Queens,39,PM2.5,3,2021-01-18
Queens,39,PM2.5,3,2021-01-19
Queens,36,PM2.5,3,2021-01-20
Queens,40,PM2.5,3,2021-01-22
Queens,31,Ozone,3,2021-01-23
Queens,32,Ozone,3,2021-01-24
Queens,44,PM2.5,3,2021-01-27
Queens,33,PM2.5,3,2021-01-28
Queens,31,Ozone,3,2021-01-29
Queens,32,PM2.5,3,2021-01-30
Queens,32,Ozone,3,2021-02-01
Queens,25,Ozone,3,2021-02-02
Queens,32,PM2.5,3,2021-02-03
Queens,51,PM2.5,3,2021-02-05
Queens,54,PM2.5,3,2021-02-09
Queens,57,PM2.5,3,2021-02-10
Queens,48,PM2.5,3,2021-02-11
Queens,35,PM2.5,3,2021-02-12
Queens,32,Ozone,3,2021-02-13
Queens,42,PM2.5,3,2021-02-14
Queens,49,PM2.5,3,2021-02-15
Queens,32,PM2.5,3,2021-02-17
Queens,28,Ozone,3,2021-02-18
Queens,46,PM2.5,3,2021-02-20
Queens,49,PM2.5,3,2021-02-21
Queens,53,PM2.5,3,2021-02-22
Queens,57,PM2.5,3,2021-02-23
Queens,38,Ozone,3,2021-02-25
Queens,38,PM2.5,3,2021-02-28
Queens,36,Ozone,3,2021-03-02
Queens,49,PM2.5,3,2021-03-03
Queens,37,Ozone,3,2021-03-05
Queens,34,Ozone,3,2021-03-06
Queens,36,Ozone,3,2021-03-07
Queens,49,PM2.5,3,2021-03-09
Queens,79,PM2.5,3,2021-03-11
Queens,43,Ozone,3,2021-03-12
Queens,38,Ozone,3,2021-03-13
Queens,40,Ozone,3,2021-03-14
Queens,36,Ozone,3,2021-03-15
Queens,32,Ozone,3,2021-03-16
Queens,37,PM2.5,3,2021-03-17
Queens,36,Ozone,3,2021-03-19
Queens,53,PM2.5,3,2021-03-22
Queens,38,Ozone,3,2021-03-23
Queens,42,PM2.5,3,2021-03-24
Queens,42,PM2.5,3,2021-03-25
Queens,42,Ozone,3,2021-03-26
Queens,43,Ozone,3,2021-03-27
Queens,36,Ozone,3,2021-03-28
Queens,38,Ozone,3,2021-03-29
Queens,39,PM2.5,3,2021-03-31
Richmond,45,PM2.5,2,2021-01-01
Richmond,34,PM2.5,2,2021-01-02
Richmond,39,PM2.5,2,2021-01-03
Richmond,35,PM2.5,2,2021-01-04
Richmond,38,PM2.5,2,2021-01-05
Richmond,33,PM2.5,2,2021-01-06
Richmond,30,PM2.5,2,2021-01-07
Richmond,36,PM2.5,2,2021-01-08
Richmond,36,PM2.5,2,2021-01-09
Richmond,43,PM2.5,2,2021-01-10
Richmond,57,PM2.5,2,2021-01-11
Richmond,63,PM2.5,2,2021-01-12
Richmond,64,PM2.5,2,2021-01-13
Richmond,71,PM2.5,2,2021-01-14
Richmond,56,PM2.5,2,2021-01-15
Richmond,20,PM2.5,2,2021-01-16
Richmond,35,PM2.5,2,2021-01-17
Richmond,35,PM2.5,2,2021-01-18
Richmond,41,PM2.5,2,2021-01-19
Richmond,34,PM2.5,2,2021-01-20
Richmond,36,PM2.5,2,2021-01-21
Richmond,40,PM2.5,2,2021-01-22
Richmond,25,PM2.5,2,2021-01-23
Richmond,20,PM2.5,2,2021-01-24
Richmond,31,PM2.5,2,2021-01-25
Richmond,34,PM2.5,2,2021-01-26
Richmond,36,PM2.5,2,2021-01-27
Richmond,23,PM2.5,2,2021-01-28
Richmond,12,PM2.5,1,2021-01-29
Richmond,25,PM2.5,2,2021-01-30
Richmond,27,PM2.5,2,2021-01-31
Richmond,20,PM2.5,2,2021-02-01
Richmond,20,PM2.5,2,2021-02-02
Richmond,22,PM2.5,2,2021-02-03
Richmond,28,PM2.5,2,2021-02-04
Richmond,40,PM2.5,2,2021-02-05
Richmond,38,PM2.5,2,2021-02-06
Richmond,43,PM2.5,2,2021-02-07
Richmond,33,PM2.5,2,2021-02-08
Richmond,56,PM2.5,2,2021-02-09
Richmond,45,PM2.5,2,2021-02-10
Richmond,36,PM2.5,2,2021-02-11
Richmond,30,PM2.5,2,2021-02-12
Richmond,30,PM2.5,2,2021-02-13
Richmond,37,PM2.5,1,2021-02-14
Richmond,35,PM2.5,1,2021-02-15
Richmond,18,PM2.5,1,2021-02-16
Richmond,24,PM2.5,1,2021-02-17
Richmond,24,PM2.5,1,2021-02-18
Richmond,40,PM2.5,1,2021-02-20
Richmond,42,PM2.5,2,2021-02-21
Richmond,29,PM2.5,2,2021-02-22
Richmond,35,PM2.5,1,2021-02-23
Richmond,25,PM2.5,1,2021-02-24
Richmond,30,PM2.5,1,2021-02-25
Richmond,26,PM2.5,1,2021-02-26
Richmond,18,PM2.5,1,2021-02-27
Richmond,34,Ozone,2,2021-02-28
Richmond,36,Ozone,2,2021-03-01
Richmond,39,Ozone,2,2021-03-02
Richmond,36,Ozone,2,2021-03-03
Richmond,34,Ozone,2,2021-03-04
Richmond,36,Ozone,2,2021-03-05
Richmond,37,Ozone,2,2021-03-06
Richmond,37,Ozone,2,2021-03-07
Richmond,42,Ozone,2,2021-03-08
Richmond,44,Ozone,2,2021-03-09
Richmond,39,Ozone,2,2021-03-10
Richmond,60,PM2.5,2,2021-03-11
Richmond,43,Ozone,2,2021-03-12
Richmond,39,Ozone,2,2021-03-13
Richmond,41,Ozone,2,2021-03-14
Richmond,39,Ozone,2,2021-03-15
Richmond,38,Ozone,2,2021-03-16
Richmond,35,Ozone,2,2021-03-17
Richmond,27,Ozone,2,2021-03-18
Richmond,33,Ozone,2,2021-03-19
Richmond,36,Ozone,2,2021-03-20
Richmond,38,PM2.5,2,2021-03-21
Richmond,43,Ozone,2,2021-03-22
Richmond,37,PM2.5,2,2021-03-23
Richmond,34,Ozone,2,2021-03-24
Richmond,23,Ozone,2,2021-03-25
Richmond,41,Ozone,2,2021-03-26
Richmond,44,Ozone,2,2021-03-27
Richmond,35,Ozone,2,2021-03-28
Richmond,37,Ozone,2,2021-03-29
Richmond,44,Ozone,2,2021-03-30
Richmond,38,Ozone,2,2021-03-31
Rockland,33,PM2.5,1,2021-01-01
Rockland,28,PM2.5,1,2021-01-02
Rockland,36,PM2.5,1,2021-01-03
Rockland,35,PM2.5,1,2021-01-04
Rockland,31,PM2.5,1,2021-01-05
Rockland,33,PM2.5,1,2021-01-06
Rockland,31,Ozone,1,2021-01-07
Rockland,28,PM2.5,1,2021-01-08
Rockland,31,Ozone,1,2021-01-09
Rockland,35,PM2.5,1,2021-01-10
Rockland,38,PM2.5,1,2021-01-11
Rockland,55,PM2.5,1,2021-01-12
Rockland,58,PM2.5,1,2021-01-13
Rockland,61,PM2.5,1,2021-01-14
Rockland,49,PM2.5,1,2021-01-15
Rockland,26,Ozone,1,2021-01-16
Rockland,32,PM2.5,1,2021-01-17
Rockland,32,PM2.5,1,2021-01-18
Rockland,32,PM2.5,1,2021-01-19
Rockland,31,Ozone,1,2021-01-20
Rockland,30,PM2.5,1,2021-01-21
Rockland,35,PM2.5,1,2021-01-22
Rockland,31,Ozone,1,2021-01-23
Rockland,34,Ozone,1,2021-01-24
Rockland,30,Ozone,1,2021-01-25
Rockland,30,PM2.5,1,2021-01-26
Rockland,31,Ozone,1,2021-01-27
Rockland,34,Ozone,1,2021-01-28
Rockland,35,Ozone,1,2021-01-29
Rockland,37,Ozone,1,2021-01-30
Rockland,30,Ozone,1,2021-01-31
Rockland,32,Ozone,1,2021-02-01
Rockland,32,Ozone,1,2021-02-02
Rockland,38,Ozone,1,2021-02-03
Rockland,41,Ozone,1,2021-02-04
Rockland,37,PM2.5,1,2021-02-05
Rockland,37,Ozone,1,2021-02-06
Rockland,36,Ozone,1,2021-02-07
Rockland,35,Ozone,1,2021-02-08
Rockland,33,PM2.5,1,2021-02-09
Rockland,39,Ozone,1,2021-02-10
Rockland,39,Ozone,1,2021-02-11
Rockland,36,Ozone,1,2021-02-12
Rockland,33,Ozone,1,2021-02-13
Rockland,34,Ozone,1,2021-02-14
Rockland,30,Ozone,1,2021-02-15
Rockland,32,Ozone,1,2021-02-16
Rockland,35,Ozone,1,2021-02-17
Rockland,32,Ozone,1,2021-02-18
Rockland,31,Ozone,1,2021-02-19
Rockland,41,Ozone,1,2021-02-20
Rockland,30,Ozone,1,2021-02-22
Rockland,37,Ozone,1,2021-02-23
Rockland,40,Ozone,1,2021-02-24
Rockland,39,Ozone,1,2021-02-25
Rockland,43,Ozone,1,2021-02-26
Rockland,32,Ozone,1,2021-02-27
Rockland,28,Ozone,1,2021-02-28
Rockland,39,Ozone,1,2021-03-01
Rockland,38,Ozone,1,2021-03-02
Rockland,42,Ozone,1,2021-03-03
Rockland,38,Ozone,1,2021-03-04
Rockland,40,Ozone,1,2021-03-05
Rockland,36,Ozone,1,2021-03-06
Rockland,39,Ozone,1,2021-03-07
Rockland,44,Ozone,1,2021-03-08
Rockland,46,Ozone,1,2021-03-09
Rockland,36,Ozone,1,2021-03-10
Rockland,58,PM2.5,1,2021-03-11
Rockland,44,Ozone,1,2021-03-12
Rockland,39,Ozone,1,2021-03-13
Rockland,40,Ozone,1,2021-03-14
Rockland,39,Ozone,1,2021-03-15
Rockland,29,Ozone,1,2021-03-16
Rockland,29,PM2.5,1,2021-03-17
Rockland,32,Ozone,1,2021-03-18
Rockland,38,Ozone,1,2021-03-19
Rockland,41,Ozone,1,2021-03-20
Rockland,45,Ozone,1,2021-03-21
Rockland,45,Ozone,1,2021-03-22
Rockland,44,Ozone,1,2021-03-23
Rockland,28,Ozone,1,2021-03-24
Rockland,31,Ozone,1,2021-03-25
Rockland,42,Ozone,1,2021-03-26
Rockland,40,Ozone,1,2021-03-27
Rockland,32,Ozone,1,2021-03-28
Rockland,39,Ozone,1,2021-03-29
Rockland,42,Ozone,1,2021-03-30
Rockland,20,PM2.5,1,2021-03-31
Saratoga,27,Ozone,1,2021-01-01
Saratoga,28,Ozone,1,2021-01-02
Saratoga,29,Ozone,1,2021-01-03
Saratoga,23,Ozone,1,2021-01-04
Saratoga,28,Ozone,1,2021-01-05
Saratoga,25,Ozone,1,2021-01-06
Saratoga,29,Ozone,1,2021-01-07
Saratoga,27,Ozone,1,2021-01-08
Saratoga,36,Ozone,1,2021-01-09
Saratoga,30,Ozone,1,2021-01-10
Saratoga,20,Ozone,1,2021-01-11
Saratoga,24,Ozone,1,2021-01-12
Saratoga,19,Ozone,1,2021-01-13
Saratoga,18,Ozone,1,2021-01-14
Saratoga,28,Ozone,1,2021-01-15
Saratoga,28,Ozone,1,2021-01-16
Saratoga,28,Ozone,1,2021-01-17
Saratoga,31,Ozone,1,2021-01-18
Saratoga,29,Ozone,1,2021-01-19
Saratoga,33,Ozone,1,2021-01-20
Saratoga,27,Ozone,1,2021-01-21
Saratoga,28,Ozone,1,2021-01-22
Saratoga,33,Ozone,1,2021-01-23
Saratoga,35,Ozone,1,2021-01-24
Saratoga,35,Ozone,1,2021-01-25
Saratoga,28,Ozone,1,2021-01-26
Saratoga,31,Ozone,1,2021-01-27
Saratoga,35,Ozone,1,2021-01-28
Saratoga,31,Ozone,1,2021-01-29
Saratoga,35,Ozone,1,2021-01-30
Saratoga,33,Ozone,1,2021-01-31
Saratoga,34,Ozone,1,2021-02-01
Saratoga,35,Ozone,1,2021-02-02
Saratoga,37,Ozone,1,2021-02-03
Saratoga,39,Ozone,1,2021-02-04
Saratoga,32,Ozone,1,2021-02-05
Saratoga,40,Ozone,1,2021-02-06
Saratoga,36,Ozone,1,2021-02-07
Saratoga,35,Ozone,1,2021-02-08
Saratoga,30,Ozone,1,2021-02-09
Saratoga,39,Ozone,1,2021-02-10
Saratoga,38,Ozone,1,2021-02-11
Saratoga,33,Ozone,1,2021-02-12
Saratoga,36,Ozone,1,2021-02-13
Saratoga,34,Ozone,1,2021-02-14
Saratoga,36,Ozone,1,2021-02-15
Saratoga,31,Ozone,1,2021-02-16
Saratoga,36,Ozone,1,2021-02-17
Saratoga,35,Ozone,1,2021-02-18
Saratoga,37,Ozone,1,2021-02-19
Saratoga,40,Ozone,1,2021-02-20
Saratoga,40,Ozone,1,2021-02-21
Saratoga,38,Ozone,1,2021-02-22
Saratoga,41,Ozone,1,2021-02-23
Saratoga,44,Ozone,1,2021-02-24
Saratoga,39,Ozone,1,2021-02-25
Saratoga,41,Ozone,1,2021-02-26
Saratoga,38,Ozone,1,2021-02-27
Saratoga,36,Ozone,1,2021-02-28
Saratoga,38,Ozone,1,2021-03-01
Saratoga,40,Ozone,1,2021-03-02
Saratoga,37,Ozone,1,2021-03-03
Saratoga,41,Ozone,1,2021-03-04
Saratoga,42,Ozone,1,2021-03-05
Saratoga,36,Ozone,1,2021-03-06
Saratoga,39,Ozone,1,2021-03-07
Saratoga,43,Ozone,1,2021-03-08
Saratoga,41,Ozone,1,2021-03-09
Saratoga,44,Ozone,1,2021-03-10
Saratoga,51,Ozone,1,2021-03-11
Saratoga,43,Ozone,1,2021-03-12
Saratoga,38,Ozone,1,2021-03-13
Saratoga,40,Ozone,1,2021-03-14
Saratoga,39,Ozone,1,2021-03-15
Saratoga,35,Ozone,1,2021-03-16
Saratoga,30,Ozone,1,2021-03-17
Saratoga,34,Ozone,1,2021-03-18
Saratoga,37,Ozone,1,2021-03-19
Saratoga,42,Ozone,1,2021-03-20
Saratoga,44,Ozone,1,2021-03-21
Saratoga,51,Ozone,1,2021-03-22
Saratoga,51,Ozone,1,2021-03-23
Saratoga,36,Ozone,1,2021-03-24
Saratoga,36,Ozone,1,2021-03-25
Saratoga,32,Ozone,1,2021-03-26
Saratoga,33,Ozone,1,2021-03-27
Saratoga,31,Ozone,1,2021-03-28
Saratoga,39,Ozone,1,2021-03-29
Saratoga,45,Ozone,1,2021-03-30
Saratoga,39,Ozone,1,2021-03-31
Steuben,26,Ozone,1,2021-01-01
Steuben,28,Ozone,1,2021-01-02
Steuben,29,Ozone,1,2021-01-03
Steuben,24,PM2.5,1,2021-01-04
Steuben,25,PM2.5,1,2021-01-05
Steuben,31,Ozone,1,2021-01-06
Steuben,31,Ozone,1,2021-01-07
Steuben,28,Ozone,1,2021-01-08
Steuben,33,Ozone,1,2021-01-09
Steuben,32,Ozone,1,2021-01-10
Steuben,39,PM2.5,1,2021-01-11
Steuben,62,PM2.5,1,2021-01-12
Steuben,55,PM2.5,1,2021-01-13
Steuben,57,PM2.5,1,2021-01-14
Steuben,58,PM2.5,1,2021-01-15
Steuben,28,Ozone,1,2021-01-16
Steuben,26,Ozone,1,2021-01-17
Steuben,23,Ozone,1,2021-01-18
Steuben,30,Ozone,1,2021-01-19
Steuben,31,Ozone,1,2021-01-20
Steuben,30,Ozone,1,2021-01-21
Steuben,30,Ozone,1,2021-01-22
Steuben,33,Ozone,1,2021-01-23
Steuben,35,Ozone,1,2021-01-24
Steuben,31,Ozone,1,2021-01-25
Steuben,27,Ozone,1,2021-01-26
Steuben,31,Ozone,1,2021-01-27
Steuben,33,Ozone,1,2021-01-28
Steuben,32,Ozone,1,2021-01-29
Steuben,36,Ozone,1,2021-01-30
Steuben,35,PM2.5,1,2021-01-31
Steuben,34,Ozone,1,2021-02-01
Steuben,34,Ozone,1,2021-02-02
Steuben,36,Ozone,1,2021-02-03
Steuben,43,Ozone,1,2021-02-04
Steuben,37,Ozone,1,2021-02-05
Steuben,38,Ozone,1,2021-02-06
Steuben,35,Ozone,1,2021-02-07
Steuben,37,Ozone,1,2021-02-08
Steuben,54,PM2.5,1,2021-02-09
Steuben,39,Ozone,1,2021-02-10
Steuben,40,PM2.5,1,2021-02-11
Steuben,32,Ozone,1,2021-02-12
Steuben,38,Ozone,1,2021-02-13
Steuben,37,Ozone,1,2021-02-14
Steuben,38,PM2.5,1,2021-02-15
Steuben,31,Ozone,1,2021-02-16
Steuben,36,Ozone,1,2021-02-17
Steuben,32,Ozone,1,2021-02-18
Steuben,39,Ozone,1,2021-02-19
Steuben,59,PM2.5,1,2021-02-20
Steuben,45,PM2.5,1,2021-02-21
Steuben,45,PM2.5,1,2021-02-22
Steuben,43,Ozone,1,2021-02-23
Steuben,49,Ozone,1,2021-02-24
Steuben,41,Ozone,1,2021-02-25
Steuben,42,Ozone,1,2021-02-26
Steuben,42,Ozone,1,2021-02-27
Steuben,38,Ozone,1,2021-02-28
Steuben,38,Ozone,1,2021-03-01
Steuben,39,Ozone,1,2021-03-02
Steuben,39,Ozone,1,2021-03-03
Steuben,37,Ozone,1,2021-03-04
Steuben,40,Ozone,1,2021-03-05
Steuben,36,Ozone,1,2021-03-06
Steuben,38,Ozone,1,2021-03-07
Steuben,41,Ozone,1,2021-03-08
Steuben,45,PM2.5,1,2021-03-09
Steuben,55,PM2.5,1,2021-03-10
Steuben,60,PM2.5,1,2021-03-11
Steuben,42,Ozone,1,2021-03-12
Steuben,40,Ozone,1,2021-03-13
Steuben,39,Ozone,1,2021-03-14
Steuben,38,Ozone,1,2021-03-15
Steuben,31,Ozone,1,2021-03-16
Steuben,62,PM2.5,1,2021-03-17
Steuben,56,PM2.5,1,2021-03-18
Steuben,38,Ozone,1,2021-03-19
Steuben,42,Ozone,1,2021-03-20
Steuben,44,Ozone,1,2021-03-21
Steuben,49,Ozone,1,2021-03-22
Steuben,46,Ozone,1,2021-03-23
Steuben,34,Ozone,1,2021-03-24
Steuben,41,Ozone,1,2021-03-25
Steuben,33,Ozone,1,2021-03-26
Steuben,41,Ozone,1,2021-03-27
Steuben,35,Ozone,1,2021-03-28
Steuben,37,Ozone,1,2021-03-29
Steuben,50,Ozone,1,2021-03-30
Steuben,40,Ozone,1,2021-03-31
Suffolk,32,PM2.5,2,2021-01-01
Suffolk,30,PM2.5,2,2021-01-02
Suffolk,36,PM2.5,2,2021-01-03
Suffolk,36,PM2.5,2,2021-01-04
Suffolk,38,PM2.5,2,2021-01-05
Suffolk,36,PM2.5,2,2021-01-06
Suffolk,30,Ozone,2,2021-01-07
Suffolk,29,PM2.5,2,2021-01-08
Suffolk,34,Ozone,2,2021-01-09
Suffolk,47,PM2.5,2,2021-01-10
Suffolk,58,PM2.5,2,2021-01-11
Suffolk,61,PM2.5,2,2021-01-12
Suffolk,72,PM2.5,2,2021-01-13
Suffolk,65,PM2.5,2,2021-01-14
Suffolk,50,PM2.5,2,2021-01-15
Suffolk,28,Ozone,2,2021-01-16
Suffolk,38,PM2.5,2,2021-01-17
Suffolk,37,PM2.5,2,2021-01-18
Suffolk,42,PM2.5,2,2021-01-19
Suffolk,32,PM2.5,2,2021-01-20
Suffolk,47,PM2.5,2,2021-01-21
Suffolk,40,PM2.5,2,2021-01-22
Suffolk,31,Ozone,2,2021-01-23
Suffolk,35,Ozone,2,2021-01-24
Suffolk,32,Ozone,2,2021-01-25
Suffolk,29,Ozone,2,2021-01-26
Suffolk,35,PM2.5,2,2021-01-27
Suffolk,33,Ozone,2,2021-01-28
Suffolk,33,Ozone,2,2021-01-29
Suffolk,34,Ozone,2,2021-01-30
Suffolk,31,Ozone,2,2021-01-31
Suffolk,32,Ozone,2,2021-02-01
Suffolk,32,Ozone,2,2021-02-02
Suffolk,34,Ozone,2,2021-02-03
Suffolk,38,Ozone,2,2021-02-04
Suffolk,50,PM2.5,2,2021-02-05
Suffolk,38,PM2.5,2,2021-02-06
Suffolk,37,PM2.5,2,2021-02-07
Suffolk,38,PM2.5,2,2021-02-08
Suffolk,53,PM2.5,2,2021-02-09
Suffolk,43,PM2.5,2,2021-02-10
Suffolk,37,Ozone,2,2021-02-11
Suffolk,34,Ozone,2,2021-02-12
Suffolk,32,Ozone,2,2021-02-13
Suffolk,31,Ozone,2,2021-02-14
Suffolk,33,PM2.5,2,2021-02-15
Suffolk,30,Ozone,2,2021-02-16
Suffolk,37,Ozone,3,2021-02-17
Suffolk,33,Ozone,3,2021-02-18
Suffolk,34,Ozone,3,2021-02-19
Suffolk,42,Ozone,3,2021-02-20
Suffolk,40,Ozone,3,2021-02-21
Suffolk,31,Ozone,2,2021-02-22
Suffolk,31,Ozone,2,2021-02-23
Suffolk,41,Ozone,2,2021-02-24
Suffolk,42,Ozone,3,2021-02-25
Suffolk,41,Ozone,3,2021-02-26
Suffolk,41,Ozone,3,2021-02-27
Suffolk,37,Ozone,3,2021-02-28
Suffolk,39,Ozone,3,2021-03-01
Suffolk,40,Ozone,3,2021-03-02
Suffolk,40,Ozone,3,2021-03-03
Suffolk,40,Ozone,3,2021-03-04
Suffolk,42,Ozone,3,2021-03-05
Suffolk,39,Ozone,3,2021-03-06
Suffolk,40,Ozone,3,2021-03-07
Suffolk,43,Ozone,3,2021-03-08
Suffolk,48,PM2.5,3,2021-03-09
Suffolk,42,Ozone,3,2021-03-10
Suffolk,67,Ozone,4,2021-03-11
Suffolk,45,Ozone,4,2021-03-12
Suffolk,40,Ozone,4,2021-03-13
Suffolk,42,Ozone,4,2021-03-14
Suffolk,40,Ozone,4,2021-03-15
Suffolk,37,Ozone,4,2021-03-16
Suffolk,39,Ozone,4,2021-03-17
Suffolk,36,Ozone,4,2021-03-18
Suffolk,40,Ozone,4,2021-03-19
Suffolk,40,Ozone,4,2021-03-20
Suffolk,44,Ozone,4,2021-03-21
Suffolk,44,Ozone,4,2021-03-22
Suffolk,40,Ozone,4,2021-03-23
Suffolk,38,Ozone,4,2021-03-24
Suffolk,36,Ozone,4,2021-03-25
Suffolk,42,Ozone,4,2021-03-26
Suffolk,47,Ozone,4,2021-03-27
Suffolk,41,Ozone,4,2021-03-28
Suffolk,41,Ozone,4,2021-03-29
Suffolk,46,Ozone,4,2021-03-30
Suffolk,42,Ozone,3,2021-03-31
Tompkins,32,Ozone,1,2021-01-01
Tompkins,31,Ozone,1,2021-01-02
Tompkins,31,Ozone,1,2021-01-03
Tompkins,26,Ozone,1,2021-01-04
Tompkins,27,Ozone,1,2021-01-05
Tompkins,32,Ozone,1,2021-01-06
Tompkins,32,Ozone,1,2021-01-07
Tompkins,30,Ozone,1,2021-01-08
Tompkins,35,Ozone,1,2021-01-09
Tompkins,31,Ozone,1,2021-01-10
Tompkins,31,Ozone,1,2021-01-11
Tompkins,27,Ozone,1,2021-01-12
Tompkins,26,Ozone,1,2021-01-13
Tompkins,27,Ozone,1,2021-01-14
Tompkins,27,Ozone,1,2021-01-15
Tompkins,31,Ozone,1,2021-01-16
Tompkins,28,Ozone,1,2021-01-17
Tompkins,28,Ozone,1,2021-01-18
Tompkins,31,Ozone,1,2021-01-19
Tompkins,32,Ozone,1,2021-01-20
Tompkins,31,Ozone,1,2021-01-21
Tompkins,32,Ozone,1,2021-01-22
Tompkins,36,Ozone,1,2021-01-23
Tompkins,37,Ozone,1,2021-01-24
Tompkins,38,Ozone,1,2021-01-25
Tompkins,33,Ozone,1,2021-01-26
Tompkins,34,Ozone,1,2021-01-27
Tompkins,37,Ozone,1,2021-01-28
Tompkins,36,Ozone,1,2021-01-29
Tompkins,37,Ozone,1,2021-01-30
Tompkins,36,Ozone,1,2021-01-31
Tompkins,35,Ozone,1,2021-02-01
Tompkins,38,Ozone,1,2021-02-02
Tompkins,39,Ozone,1,2021-02-03
Tompkins,44,Ozone,1,2021-02-04
Tompkins,40,Ozone,1,2021-02-05
Tompkins,40,Ozone,1,2021-02-06
Tompkins,39,Ozone,1,2021-02-07
Tompkins,39,Ozone,1,2021-02-08
Tompkins,37,Ozone,1,2021-02-09
Tompkins,43,Ozone,1,2021-02-10
Tompkins,40,Ozone,1,2021-02-11
Tompkins,35,Ozone,1,2021-02-12
Tompkins,38,Ozone,1,2021-02-13
Tompkins,38,Ozone,1,2021-02-14
Tompkins,38,Ozone,1,2021-02-15
Tompkins,33,Ozone,1,2021-02-16
Tompkins,39,Ozone,1,2021-02-17
Tompkins,35,Ozone,1,2021-02-18
Tompkins,39,Ozone,1,2021-02-19
Tompkins,43,Ozone,1,2021-02-20
Tompkins,45,Ozone,1,2021-02-21
Tompkins,46,Ozone,1,2021-02-22
Tompkins,45,Ozone,1,2021-02-23
Tompkins,54,Ozone,1,2021-02-24
Tompkins,43,Ozone,1,2021-02-25
Tompkins,44,Ozone,1,2021-02-26
Tompkins,44,Ozone,1,2021-02-27
Tompkins,43,Ozone,1,2021-02-28
Wayne,28,Ozone,1,2021-01-01
Wayne,28,Ozone,1,2021-01-02
Wayne,27,Ozone,1,2021-01-03
Wayne,26,Ozone,1,2021-01-04
Wayne,25,Ozone,1,2021-01-05
Wayne,31,Ozone,1,2021-01-06
Wayne,29,Ozone,1,2021-01-07
Wayne,28,Ozone,1,2021-01-08
Wayne,34,Ozone,1,2021-01-09
Wayne,27,Ozone,1,2021-01-10
Wayne,26,Ozone,1,2021-01-11
Wayne,26,Ozone,1,2021-01-12
Wayne,21,Ozone,1,2021-01-13
Wayne,16,Ozone,1,2021-01-14
Wayne,25,Ozone,1,2021-01-15
Wayne,27,Ozone,1,2021-01-16
Wayne,26,Ozone,1,2021-01-17
Wayne,30,Ozone,1,2021-01-18
Wayne,28,Ozone,1,2021-01-19
Wayne,33,Ozone,1,2021-01-20
Wayne,29,Ozone,1,2021-01-21
Wayne,30,Ozone,1,2021-01-22
Wayne,34,Ozone,1,2021-01-23
Wayne,36,Ozone,1,2021-01-24
Wayne,34,Ozone,1,2021-01-25
Wayne,32,Ozone,1,2021-01-26
Wayne,34,Ozone,1,2021-01-27
Wayne,35,Ozone,1,2021-01-28
Wayne,37,Ozone,1,2021-01-29
Wayne,36,Ozone,1,2021-01-30
Wayne,38,Ozone,1,2021-01-31
Wayne,35,Ozone,1,2021-02-01
Wayne,36,Ozone,1,2021-02-02
Wayne,38,Ozone,1,2021-02-03
Wayne,40,Ozone,1,2021-02-04
Wayne,40,Ozone,1,2021-02-05
Wayne,35,Ozone,1,2021-02-06
Wayne,36,Ozone,1,2021-02-07
Wayne,33,Ozone,1,2021-02-09
Wayne,38,Ozone,1,2021-02-10
Wayne,34,Ozone,1,2021-02-11
Wayne,33,Ozone,1,2021-02-12
Wayne,35,Ozone,1,2021-02-13
Wayne,33,Ozone,1,2021-02-14
Wayne,36,Ozone,1,2021-02-15
Wayne,34,Ozone,1,2021-02-16
Wayne,33,Ozone,1,2021-02-17
Wayne,35,Ozone,1,2021-02-18
Wayne,34,Ozone,1,2021-02-19
Wayne,40,Ozone,1,2021-02-20
Wayne,44,Ozone,1,2021-02-21
Wayne,45,Ozone,1,2021-02-22
Wayne,44,Ozone,1,2021-02-23
Wayne,50,Ozone,1,2021-02-24
Wayne,38,Ozone,1,2021-02-25
Wayne,41,Ozone,1,2021-02-26
Wayne,40,Ozone,1,2021-02-27
Wayne,40,Ozone,1,2021-02-28
Wayne,39,Ozone,1,2021-03-01
Wayne,38,Ozone,1,2021-03-02
Wayne,35,Ozone,1,2021-03-03
Wayne,38,Ozone,1,2021-03-04
Wayne,41,Ozone,1,2021-03-05
Wayne,37,Ozone,1,2021-03-06
Wayne,38,Ozone,1,2021-03-07
Wayne,39,Ozone,1,2021-03-08
Wayne,33,Ozone,1,2021-03-09
Wayne,58,Ozone,1,2021-03-10
Wayne,48,Ozone,1,2021-03-11
Wayne,40,Ozone,1,2021-03-12
Wayne,38,Ozone,1,2021-03-13
Wayne,41,Ozone,1,2021-03-14
Wayne,37,Ozone,1,2021-03-15
Wayne,34,Ozone,1,2021-03-16
Wayne,31,Ozone,1,2021-03-17
Wayne,38,Ozone,1,2021-03-18
Wayne,38,Ozone,1,2021-03-19
Wayne,44,Ozone,1,2021-03-20
Wayne,44,Ozone,1,2021-03-21
Wayne,50,Ozone,1,2021-03-22
Wayne,49,Ozone,1,2021-03-23
Wayne,36,Ozone,1,2021-03-24
Wayne,44,Ozone,1,2021-03-25
Wayne,29,Ozone,1,2021-03-26
Wayne,30,Ozone,1,2021-03-27
Wayne,34,Ozone,1,2021-03-28
Wayne,39,Ozone,1,2021-03-29
Wayne,48,Ozone,1,2021-03-30
Wayne,42,Ozone,1,2021-03-31
Westchester,40,PM2.5,1,2021-01-01
Westchester,29,PM2.5,1,2021-01-02
Westchester,35,PM2.5,1,2021-01-03
Westchester,35,PM2.5,1,2021-01-04
Westchester,32,PM2.5,1,2021-01-05
Westchester,29,PM2.5,1,2021-01-06
Westchester,30,Ozone,1,2021-01-07
Westchester,27,Ozone,1,2021-01-08
Westchester,34,Ozone,1,2021-01-09
Westchester,35,PM2.5,1,2021-01-10
Westchester,41,PM2.5,1,2021-01-11
Westchester,57,PM2.5,1,2021-01-12
Westchester,59,PM2.5,1,2021-01-13
Westchester,59,PM2.5,1,2021-01-14
Westchester,48,PM2.5,1,2021-01-15
Westchester,29,Ozone,1,2021-01-16
Westchester,33,PM2.5,1,2021-01-17
Westchester,34,PM2.5,1,2021-01-18
Westchester,34,PM2.5,1,2021-01-19
Westchester,31,Ozone,1,2021-01-20
Westchester,31,PM2.5,1,2021-01-21
Westchester,39,PM2.5,1,2021-01-22
Westchester,31,Ozone,1,2021-01-23
Westchester,35,Ozone,1,2021-01-24
Westchester,31,Ozone,1,2021-01-25
Westchester,30,Ozone,1,2021-01-26
Westchester,35,PM2.5,1,2021-01-27
Westchester,35,Ozone,1,2021-01-28
Westchester,35,Ozone,1,2021-01-29
Westchester,35,Ozone,1,2021-01-30
Westchester,31,Ozone,1,2021-01-31
Westchester,35,Ozone,1,2021-02-01
Westchester,34,Ozone,1,2021-02-02
Westchester,36,Ozone,1,2021-02-03
Westchester,40,Ozone,1,2021-02-04
Westchester,35,PM2.5,1,2021-02-05
Westchester,37,Ozone,1,2021-02-06
Westchester,34,Ozone,1,2021-02-07
Westchester,33,Ozone,1,2021-02-08
Westchester,31,PM2.5,1,2021-02-09
Westchester,37,Ozone,1,2021-02-10
Westchester,40,Ozone,1,2021-02-11
Westchester,36,Ozone,1,2021-02-12
Westchester,36,Ozone,1,2021-02-13
Westchester,34,Ozone,1,2021-02-14
Westchester,32,Ozone,1,2021-02-15
Westchester,31,Ozone,1,2021-02-16
Westchester,35,Ozone,1,2021-02-17
Westchester,34,Ozone,1,2021-02-18
Westchester,33,Ozone,1,2021-02-19
Westchester,41,Ozone,1,2021-02-20
Westchester,40,Ozone,1,2021-02-21
Westchester,29,Ozone,1,2021-02-22
Westchester,37,PM2.5,1,2021-02-23
Westchester,37,Ozone,1,2021-02-24
Westchester,41,Ozone,1,2021-02-25
Westchester,40,Ozone,1,2021-02-26
Westchester,32,Ozone,1,2021-02-27
Westchester,32,Ozone,1,2021-02-28
Westchester,38,Ozone,1,2021-03-01
Westchester,39,Ozone,1,2021-03-02
Westchester,41,Ozone,1,2021-03-03
Westchester,39,Ozone,1,2021-03-04
Westchester,41,Ozone,1,2021-03-05
Westchester,37,Ozone,1,2021-03-06
Westchester,39,Ozone,1,2021-03-07
Westchester,42,Ozone,1,2021-03-08
Westchester,44,Ozone,1,2021-03-09
Westchester,40,Ozone,1,2021-03-10
Westchester,60,PM2.5,1,2021-03-11
Westchester,44,Ozone,1,2021-03-12
Westchester,40,Ozone,1,2021-03-13
Westchester,42,Ozone,1,2021-03-14
Westchester,41,Ozone,1,2021-03-15
Westchester,32,Ozone,1,2021-03-16
Westchester,29,Ozone,1,2021-03-17
Westchester,34,Ozone,1,2021-03-18
Westchester,39,Ozone,1,2021-03-19
Westchester,42,Ozone,1,2021-03-20
Westchester,44,Ozone,1,2021-03-21
Westchester,47,Ozone,1,2021-03-22
Westchester,39,Ozone,1,2021-03-23
Westchester,33,Ozone,1,2021-03-24
Westchester,25,Ozone,1,2021-03-25
Westchester,43,Ozone,1,2021-03-26
Westchester,44,Ozone,1,2021-03-27
Westchester,35,Ozone,1,2021-03-28
Westchester,42,Ozone,1,2021-03-29
Westchester,44,Ozone,1,2021-03-30
Westchester,15,PM2.5,1,2021-03-31
